INLINE NewChapterDataTable 0xFF,Chapter Number Pointer,Object Type,Palette,Tile Configuration,Map,Tile Animation 1,Tile Animation 2,Triggerable Map Changes,Fog of War sight level (0 = No fog),Battle Preparations,Chapter ID,##UNKNOWN##,Weather Condition,Battle tileset,##UNKNOWN##,Player Phase music,Enemy Phase music,NPC Phase music,Player Phase music 2,Enemy Phase music 2,NPC Phase music 2,##UNKNOWN##,Destructible Walls HP,##UNKNOWN##,Chapter Name ID,Chapter Name ID 2,Event Data Reference,Worldmap Chapter Prologue Scene,##UNKNOWN##,Prep Screen Number * 2,##UNKNOWN##,No. of enemies left for Grasping at Victory,Chapter Title Display Fade-out,Status - Objective Text,Goal Window Text,Goal Window Information,Turns to count down to +1,Protect Character Marker,Tile Marker - X-Coordinate,Tile Marker - Y-Coordinate,##UNKNOWN##
Prologue,0x0,0x0,0x0,0x0,PrologueMap,0x0,0x0,0x0,0,0,Prologue,0x100,0,0x0,0x10,PrologueMusic,PrologueMusic,PrologueMusic,PrologueMusic,PrologueMusic,PrologueMusic,0xffffffff000bffff0009,50,0x42400000424000004240000042400000028002800280028003c003c003c003c005000500050005000640064006400640008080808070707070606060605050505,PrologueNameText,PrologueNameText,PrologueEvent,0x1,0xffff00,0,0x0,0,0x1,0x0,0x0,0x0,0,0x0,255,0,0x9
,,,,,,,,,,,,,,,,,,,,,,,,,,,,,,,,,,,,,,,,,
Military1,0x0,0x0,0x0,0x0,TrainingFortressMap,0x0,0x0,0x0,0,0,Military1,0x100,0,0x0,0x244,Ringabel,Boss_Theme,Binding_Vow,Ringabel,Boss_Theme,Binding_Vow,0xffffffff000bffffffff,50,0x42400000424000004240000042400000028002800280028003c003c003c003c005000500050005000640064006400640008080808070707070606060605050505,Military1NameText,Military1NameText,Military1Events,0x1,0xffff00,2,0x0,1,0x1,Military1StatusText,DefeatAllText,EnemyCountGoal,0,0x0,255,0,0xc
MilitaryAccept2,0x0,0x0,0x0,0x0,SkirmishMap,0x0,0x0,0x0,0,0,MilitaryAccept2,0x100,0,0x0,0x244,Fodlan_Winds,Encounter_with_Renegades,Binding_Vow,Fodlan_Winds,Encounter_with_Renegades,Binding_Vow,0xffffffff000bffffffff,50,0x42400000424000004240000042400000028002800280028003c003c003c003c005000500050005000640064006400640008080808070707070606060605050505,Military2AcceptNameText,Military2AcceptNameText,Military2AcceptEvents,0x1,0xffff00,4,0x0,1,0x1,Military2AcceptStatusText,DefeatBossText,0x0,0,0x0,255,0,0x18
MilitaryAccept3,0x0,0x0,0x0,0x0,FortressMap,0x0,0x0,0x0,0,0,MilitaryAccept3,0x100,0,0x0,0x244,Fodlan_Winds,Encounter_with_Renegades,Binding_Vow,Fodlan_Winds,Encounter_with_Renegades,Binding_Vow,0xffffffff000bffffffff,50,0x42400000424000004240000042400000028002800280028003c003c003c003c005000500050005000640064006400640008080808070707070606060605050505,Military3AcceptNameText,Military3AcceptNameText,Military3AcceptEvents,0x1,0xffff00,6,0x0,1,0x1,Military3AcceptStatusText,DefeatBossText,0x0,0,0x0,255,0,0x32
MilitaryAcceptHold4,0x0,0x0,0x0,0x0,RipBlaineMap,0x0,0x0,0x0,0,0,MilitaryAcceptHold4,0x100,0,0x0,0x244,Chinese_Tea,Encounter_with_Renegades,Binding_Vow,Chinese_Tea,Encounter_with_Renegades,Binding_Vow,0xffffffff000bffffffff,50,0x42400000424000004240000042400000028002800280028003c003c003c003c005000500050005000640064006400640008080808070707070606060605050505,Military4AcceptHoldNameText,Military4AcceptHoldNameText,Military4AcceptHoldEvents,0x1,0xffff00,8,0x0,1,0x1,Military4AcceptHoldStatusText,DefeatBossText,0x0,0,0x0,255,0,0xb
MilitaryAcceptHold5,0x0,0x0,0x0,0x0,PrisonBreakMap,0x0,0x0,PrisonBreakChanges,0,0,MilitaryAcceptHold5,0x100,0,0x0,0x244,FE5_Adversity,Hollow_Bastion,Binding_Vow,FE5_Adversity,Hollow_Bastion,Binding_Vow,0xffffffff000bffffffff,50,0x42400000424000004240000042400000028002800280028003c003c003c003c005000500050005000640064006400640008080808070707070606060605050505,Military5AcceptHoldNameText,Military5AcceptHoldNameText,Military5AcceptHoldEvents,0x1,0xffff00,10,0x0,1,0x1,Military5AcceptHoldStatusText,DefeatAllText,EnemyCountGoal,0,0x0,255,0,0x31
MilitaryAcceptHold6,0x0,0x0,0x0,0x0,ClintManorMap,0x0,0x0,ClintManorChanges,0,0,MilitaryAcceptHold6,0x100,0,0x0,0x244,Aquatic_Ruin,Wrath_Strike,Binding_Vow,Aquatic_Ruin,Wrath_Strike,Binding_Vow,0xffffffff000bffffffff,50,0x42400000424000004240000042400000028002800280028003c003c003c003c005000500050005000640064006400640008080808070707070606060605050505,Military6AcceptHoldNameText,Military6AcceptHoldNameText,Military6AcceptHoldEvents,0x1,0xffff00,12,0x0,1,0x1,Military6AcceptHoldStatusText,DefeatBossText,0x0,0,0x0,255,0,0x34
MilitaryAcceptHold7,0x0,0x0,0x0,0x0,ArcanaeCapitalMap,0x0,0x0,ArcanaeCapitalChanges,0,0,MilitaryAcceptHold7,0x100,0,0x0,0x244,Ascent,Wrath_Strike,Binding_Vow,Ascent,Wrath_Strike,Binding_Vow,0xffffffff000bffffffff,50,0x42400000424000004240000042400000028002800280028003c003c003c003c005000500050005000640064006400640008080808070707070606060605050505,Military7AcceptHoldNameText,Military7AcceptHoldNameText,Military7AcceptHoldEvents,0x1,0xffff00,14,0x0,1,0x1,Military7AcceptHoldStatusText,DefeatBossesText,0x0,0,0x0,255,0,0x34
MilitaryAcceptRetreat4,0x0,0x0,0x0,0x0,CesarianCapitalRetreatMap,0x0,0x0,CesarianCapitalRetreatChanges,0,0,MilitaryAcceptRetreat4,0x100,0,0x0,0x234,Locked_Girl,Showdown_with_Hector,Binding_Vow,Locked_Girl,Showdown_with_Hector,Binding_Vow,0xffffffff000bffffffff,50,0x42400000424000004240000042400000028002800280028003c003c003c003c005000500050005000640064006400640008080808070707070606060605050505,Military4AcceptRetreatNameText,Military4AcceptRetreatNameText,Military4AcceptRetreatEvents,0x1,0xffff00,8,0x0,1,0x1,Military4AcceptRetreatStatusText,DefeatAllText,EnemyCountGoal,0,0x0,255,0,0x26
MilitaryAcceptRetreatLeave5,0x0,0x0,0x0,0x0,RetreatDesertMap,0x0,0x0,RetreatDesertChanges,0,0,MilitaryAcceptRetreatLeave5,0x100,0,0x0,0x234,Venus_Lighthouse,FE5_Searching_the_Enemy,Binding_Vow,Venus_Lighthouse,FE5_Searching_the_Enemy,Binding_Vow,0xffffffff000bffffffff,50,0x42400000424000004240000042400000028002800280028003c003c003c003c005000500050005000640064006400640008080808070707070606060605050505,Military5AcceptRetreatLeaveNameText,Military5AcceptRetreatLeaveNameText,Military5AcceptRetreatLeaveEvents,0x1,0xffff00,10,0x0,1,0x1,Military5AcceptRetreatLeaveStatusText,DefeatBossText,0x0,0,0x0,255,0,0x7
MilitaryAcceptRetreatLeave6,0x0,0x0,0x0,0x0,XyliaStairTempleMap,0x0,0x0,XyliaStairTempleChanges,0,0,MilitaryAcceptRetreatLeave6,0x100,0,0x0,0x234,Venus_Lighthouse,FE5_Searching_the_Enemy,Binding_Vow,Venus_Lighthouse,FE5_Searching_the_Enemy,Binding_Vow,0xffffffff000bffffffff,50,0x42400000424000004240000042400000028002800280028003c003c003c003c005000500050005000640064006400640008080808070707070606060605050505,Military6AcceptRetreatLeaveNameText,Military6AcceptRetreatLeaveNameText,Military6AcceptRetreatLeaveEvents,0x1,0xffff00,12,0x0,1,0x1,Military6AcceptRetreatLeaveStatusText,ReachXyliaText,0x0,0,0x0,255,0,0x7
MilitaryAcceptRetreatLeave7,0x0,0x0,0x0,0x0,KilthelTempleMap,0x0,0x0,KilthelTempleChanges,0,0,MilitaryAcceptRetreatLeave7,0x100,0,0x0,0x234,UN_Owen_Was_Her,Hollow_Bastion,Binding_Vow,UN_Owen_Was_Her,Hollow_Bastion,Binding_Vow,0xffffffff000bffffffff,50,0x42400000424000004240000042400000028002800280028003c003c003c003c005000500050005000640064006400640008080808070707070606060605050505,Military7AcceptRetreatLeaveNameText,Military7AcceptRetreatLeaveNameText,Military7AcceptRetreatLeaveEvents,0x1,0xffff00,14,0x0,1,0x1,Military7AcceptRetreatLeaveStatusText,DefeatBossText,0x0,0,0x0,255,0,0x18
MilitaryAcceptRetreatHelp5,0x0,0x0,0x0,0x0,AegrisMap,0x0,0x0,AegrisChanges,0,0,MilitaryAcceptRetreatHelp5,0x100,0,0x0,0x234,Earthbound,Encounter_with_Renegades,Binding_Vow,Earthbound,Encounter_with_Renegades,Binding_Vow,0xffffffff000bffffffff,50,0x42400000424000004240000042400000028002800280028003c003c003c003c005000500050005000640064006400640008080808070707070606060605050505,Military5AcceptRetreatHelpNameText,Military5AcceptRetreatHelpNameText,Military5AcceptRetreatHelpEvents,0x1,0xffff00,10,0x0,1,0x1,Military5AcceptRetreatHelpStatusText,DefeatAllText,EnemyCountGoal,0,0x0,255,0,0xc
MilitaryAcceptRetreatHelp6,0x0,0x0,0x0,0x0,ShizonLanding1Map,0x0,0x0,ShizonLandingChanges,0,0,MilitaryAcceptRetreatHelp6,0x100,0,0x0,0x244,Earthbound,Showdown_with_Hector,Binding_Vow,Earthbound,Showdown_with_Hector,Binding_Vow,0xffffffff000bffffffff,50,0x42400000424000004240000042400000028002800280028003c003c003c003c005000500050005000640064006400640008080808070707070606060605050505,Military6AcceptRetreatHelpNameText,Military6AcceptRetreatHelpNameText,Military6AcceptRetreatHelpEvents,0x1,0xffff00,12,0x0,1,0x1,Military6AcceptRetreatHelpStatusText,ClearZoneText,0x0,0,0x0,255,0,0x30
MilitaryAcceptRetreatHelp7,0x0,0x0,0x0,0x0,ShizonWaterShrineMap,0x0,0x0,0x0,0,0,MilitaryAcceptRetreatHelp7,0x100,0,0x0,0x244,Bloody_Tears,Showdown_with_Hector,Binding_Vow,Bloody_Tears,Showdown_with_Hector,Binding_Vow,0xffffffff000bffffffff,50,0x42400000424000004240000042400000028002800280028003c003c003c003c005000500050005000640064006400640008080808070707070606060605050505,Military7AcceptRetreatHelpNameText,Military7AcceptRetreatHelpNameText,Military7AcceptRetreatHelpEvents,0x1,0xffff00,14,0x0,1,0x1,Military7AcceptRetreatHelpStatusText,DefeatClonesText,0x0,0,0x0,255,0,0xc
MilitaryPass2,0x0,0x0,0x0,0x0,BanditPassMap,0x0,0x0,BanditPassChanges,0,0,MilitaryPass2,0x100,0,0x0,0x244,Fodlan_Winds,Evil_Approaches,Binding_Vow,Fodlan_Winds,Evil_Approaches,Binding_Vow,0xffffffff000bffffffff,50,0x42400000424000004240000042400000028002800280028003c003c003c003c005000500050005000640064006400640008080808070707070606060605050505,Military2PassNameText,Military2PassNameText,Military2PassEvents,0x1,0xffff00,4,0x0,1,0x1,Military2PassStatusText,DefeatAllText,EnemyCountGoal,0,0x0,255,0,0x18
MilitaryPass3,0x0,0x0,0x0,0x0,MountainyLakeMap,0x0,0x0,0x0,0,0,MilitaryPass3,0x100,0,0x0,0x244,Fodlan_Winds,Evil_Approaches,Binding_Vow,Fodlan_Winds,Evil_Approaches,Binding_Vow,0xffffffff000bffffffff,50,0x42400000424000004240000042400000028002800280028003c003c003c003c005000500050005000640064006400640008080808070707070606060605050505,Military3PassNameText,Military3PassNameText,Military3PassEvents,0x1,0xffff00,6,0x0,1,0x1,Military3PassStatusText,DefeatBossText,0x0,0,0x0,255,0,0x32
MilitaryPass4,0x0,0x0,0x0,0x0,BacrunCity3Map,0x0,0x0,BacrunCity3Changes,0,0,MilitaryPass4,0x100,0,0x0,0x244,Chinese_Tea,Showdown_with_Hector,Binding_Vow,Chinese_Tea,Showdown_with_Hector,Binding_Vow,0xffffffff000bffffffff,50,0x42400000424000004240000042400000028002800280028003c003c003c003c005000500050005000640064006400640008080808070707070606060605050505,Military4PassNameText,Military4PassNameText,Military4PassEvents,0x1,0xffff00,8,0x0,1,0x1,Military4PassStatusText,DefendText,TurnNumberGoal,14,0x0,255,0,0xc
MilitaryPassHaedric5,0x0,0x0,0x0,0x0,DeidarMap,0x0,0x0,DeidarChanges,0,0,MilitaryPassHaedric5,0x100,0,0x0,0x244,Judgral_Calls,Hand_Combat,Binding_Vow,Judgral_Calls,Hand_Combat,Binding_Vow,0xffffffff000bffffffff,50,0x42400000424000004240000042400000028002800280028003c003c003c003c005000500050005000640064006400640008080808070707070606060605050505,Military5PassHaedricNameText,Military5PassHaedricNameText,Military5PassHaedricEvents,0x1,0xffff00,10,0x0,1,0x1,Military5PassHaedricStatusText,DefeatAllText,EnemyCountGoal,0,0x0,255,0,0x31
MilitaryPassHaedric6,0x0,0x3C,0xCE,0x3E,HaedricCastleMap,_3CAnims,0x0,HaedricCastleChanges,0,0,MilitaryPassHaedric6,0x100,0,0x0,0x244,Judgral_Calls,Hand_Combat,Binding_Vow,Judgral_Calls,Hand_Combat,Binding_Vow,0xffffffff000bffffffff,50,0x42400000424000004240000042400000028002800280028003c003c003c003c005000500050005000640064006400640008080808070707070606060605050505,Military6PassHaedricNameText,Military6PassHaedricNameText,Military6PassHaedricEvents,0x1,0xffff00,12,0x0,1,0x1,Military6PassHaedricStatusText,DefeatBossText,0x0,0,0x0,255,0,0x34
MilitaryPassHaedric7,0x0,0x0,0x0,0x0,HaedricIgnefrontMap,0x0,0x0,HaedricIgnefrontChanges,0,0,MilitaryPassHaedric7,0x100,0,0x0,0x244,Courage_and_Pride_from_the_Heart,Hollow_Bastion,Binding_Vow,Courage_and_Pride_from_the_Heart,Hollow_Bastion,Binding_Vow,0xffffffff000bffffffff,50,0x42400000424000004240000042400000028002800280028003c003c003c003c005000500050005000640064006400640008080808070707070606060605050505,Military7PassHaedricNameText,Military7PassHaedricNameText,Military7PassHaedricEvents,0x1,0xffff00,14,0x0,1,0x1,Military7PassHaedricStatusText,DefeatBossText,0x0,0,0x0,255,0,0x34
MilitaryPassAltia5,0x0,0x0,0x0,0x0,PeakRiverMap,0x0,0x0,PeakRiverMap,0,0,MilitaryPassAltia5,0x100,0,0x0,0x234,Chemical_Plant,Puppet_Ganon,Binding_Vow,Chemical_Plant,Puppet_Ganon,Binding_Vow,0xffffffff000bffffffff,50,0x42400000424000004240000042400000028002800280028003c003c003c003c005000500050005000640064006400640008080808070707070606060605050505,Military5PassAltiaNameText,Military5PassAltiaNameText,Military5PassAltiaEvents,0x1,0xffff00,10,0x0,1,0x1,Military5PassAltiaStatusText,DefeatAllText,EnemyCountGoal,0,0x0,255,0,0x9
MilitaryPassAltia6,0x0,0x0,0x0,0x0,SnowyAltianPassMap,0x0,0x0,0x0,0,0,MilitaryPassAltia6,0x100,0,0x0,0x234,Chemical_Plant,Puppet_Ganon,Binding_Vow,Chemical_Plant,Puppet_Ganon,Binding_Vow,0xffffffff000bffffffff,50,0x42400000424000004240000042400000028002800280028003c003c003c003c005000500050005000640064006400640008080808070707070606060605050505,Military6PassAltiaNameText,Military6PassAltiaNameText,Military6PassAltiaEvents,0x1,0xffff00,12,0x0,1,0x1,Military6PassAltiaStatusText,DefeatAllText,EnemyCountGoal,0,0x0,255,0,0x9
MilitaryPassAltia7,0x0,0x0,0x0,0x0,AltianCastleMap,0x0,0x0,AltianCastleChanges,0,0,MilitaryPassAltia7,0x100,0,0x0,0x234,Last_Battle_Decision,Hollow_Bastion,Binding_Vow,Last_Battle_Decision,Hollow_Bastion,Binding_Vow,0xffffffff000bffffffff,50,0x42400000424000004240000042400000028002800280028003c003c003c003c005000500050005000640064006400640008080808070707070606060605050505,Military7PassAltiaNameText,Military7PassAltiaNameText,Military7PassAltiaEvents,0x1,0xffff00,14,0x0,1,0x1,Military7PassAltiaStatusText,DefeatBossText,0x0,0,0x0,255,0,0x9
,,,,,,,,,,,,,,,,,,,,,,,,,,,,,,,,,,,,,,,,,
Mercenary1,0x0,0x0,0x0,0x0,MountainsMap,0x0,0x0,PlainsChanges,0,0,Mercenary1,0x100,0,0x0,0x234,Distant_Roads,Shadow_of_the_Enemy,Binding_Vow,Distant_Roads,Shadow_of_the_Enemy,Binding_Vow,0xffffffff000bffffffff,50,0x42400000424000004240000042400000028002800280028003c003c003c003c005000500050005000640064006400640008080808070707070606060605050505,Merc1NameText,Merc1NameText,Merc1Events,0x1,0xffff00,2,0x0,1,0x1,Merc1StatusText,DefeatBossText,0x0,0,0x0,255,0,0x9
MercenaryMilitia2,0x0,0x0,0x0,0x0,PlainsMap,0x0,0x0,PlainsChanges,0,0,MercenaryMilitia2,0x100,0,0x0,0x234,Rise_Above,Shadow_of_the_Enemy,Binding_Vow,Rise_Above,Shadow_of_the_Enemy,Binding_Vow,0xffffffff000bffffffff,50,0x42400000424000004240000042400000028002800280028003c003c003c003c005000500050005000640064006400640008080808070707070606060605050505,Merc2MilitiaNameText,Merc2MilitiaNameText,Merc2MilitiaEvents,0x1,0xffff00,4,0x0,1,0x1,Merc2MilitiaStatusText,DefendText,TurnNumberGoal,7,0x0,255,0,0x9
MercenaryMilitiaWait3,0x0,0x0,0x0,0x0,CastleHallMap,0x0,0x0,CastleHallChanges,0,0,MercenaryMilitiaWait3,0x100,0,0x0,0x234,Follow_Me,Assault,Binding_Vow,Follow_Me,Assault,Binding_Vow,0xffffffff000bffffffff,50,0x42400000424000004240000042400000028002800280028003c003c003c003c005000500050005000640064006400640008080808070707070606060605050505,Merc3MilitiaWaitNameText,Merc3MilitiaWaitNameText,Merc3MilitiaWaitEvents,0x1,0xffff00,6,0x0,1,0x1,Merc3MilitiaWaitStatusText,DefeatBossText,0x0,0,0x0,255,0,0x1a
MercenaryMilitiaWait4,0x0,0x0,0x0,0x0,UndergroundMap,0x0,0x0,UndergroundChanges,0,0,MercenaryMilitiaWait4,0x100,0,0x0,0x234,Land_of_Promise,Assault,Binding_Vow,Land_of_Promise,Assault,Binding_Vow,0xffffffff000bffffffff,50,0x42400000424000004240000042400000028002800280028003c003c003c003c005000500050005000640064006400640008080808070707070606060605050505,Merc4MilitiaWaitNameText,Merc4MilitiaWaitNameText,Merc4MilitiaWaitEvents,0x1,0xffff00,8,0x0,1,0x1,Merc4MilitiaWaitStatusText,DefeatBossText,0x0,0,0x0,255,0,0x8
MercenaryMilitiaWaitArcanae5,0x0,0x0,0x0,0x0,MountainyMap,0x0,0x0,MountainyChanges,0,0,MercenaryMilitiaWaitArcanae5,0x100,0,0x0,0x0,Follow_Me,Assault,Binding_Vow,Follow_Me,Assault,Binding_Vow,0xffffffffffffffffffff,50,0x42400000424000004240000042400000028002800280028003c003c003c003c005000500050005000640064006400640008080808070707070606060605050505,Merc5MilitiaWaitArcanaeNameText,Merc5MilitiaWaitArcanaeNameText,Merc5MilitiaWaitArcanaeEvents,0x1,0xffff00,10,0x0,1,0x1,Merc5MilitiaWaitArcanaeStatusText,DefeatBossText,0x0,0,0x0,255,0,0x9
MercenaryMilitiaWaitArcanae6,0x0,0x0,0x0,0x0,CesarianCapitalMercenaryArcanaeMap,0x0,0x0,CesarianCapitalMercenaryArcanaeChanges,0,0,MercenaryMilitiaWaitArcanae6,0x100,0,0x0,0x0,Follow_Me,From_the_Darkness,Binding_Vow,Follow_Me,From_the_Darkness,Binding_Vow,0xffffffffffffffffffff,50,0x42400000424000004240000042400000028002800280028003c003c003c003c005000500050005000640064006400640008080808070707070606060605050505,Merc6MilitiaWaitArcanaeNameText,Merc6MilitiaWaitArcanaeNameText,Merc6MilitiaWaitArcanaeEvents,0x1,0xffff00,12,0x0,1,0x1,Merc6MilitiaWaitArcanaeStatusText,DefeatBossText,0x0,0,0x0,255,0,0x9
MercenaryMilitiaWaitArcanae7,0x0,0x0,0x0,0x0,LavaMap,0x0,0x0,LavaChanges,0,0,MercenaryMilitiaWaitArcanae7,0x100,0,0x0,0x0,The_Final_Battle,Twisted_ShadowsA,Binding_Vow,The_Final_Battle,Twisted_ShadowsA,Binding_Vow,0xffffffffffffffffffff,50,0x42400000424000004240000042400000028002800280028003c003c003c003c005000500050005000640064006400640008080808070707070606060605050505,Merc7MilitiaWaitArcanaeNameText,Merc7MilitiaWaitArcanaeNameText,Merc7MilitiaWaitArcanaeEvents,0x1,0xffff00,14,0x0,1,0x1,Merc7MilitiaWaitArcanaeStatusText,DefeatBossText,0x0,0,0x0,255,0,0x9
MercenaryMilitiaWaitCesaria5,0x0,0x0,0x0,0x0,DesertMap,0x0,0x0,DesertChanges,0,0,MercenaryMilitiaWaitCesaria5,0x100,0,0x0,0x0,Determination,Assault,Binding_Vow,Determination,Advance,Binding_Vow,0xffffffffffffffffffff,50,0x42400000424000004240000042400000028002800280028003c003c003c003c005000500050005000640064006400640008080808070707070606060605050505,Merc5MilitiaWaitCesariaNameText,Merc5MilitiaWaitCesariaNameText,Merc5MilitiaWaitCesariaEvents,0x1,0xffff00,10,0x0,1,0x1,Merc5MilitiaWaitCesariaStatusText,DefeatAllText,EnemyCountGoal,0,0x0,255,0,0x9
MercenaryMilitiaWaitCesaria6,0x0,0x0,0x0,0x0,BigBridgeMap,0x0,0x0,BigBridgeChanges,0,0,MercenaryMilitiaWaitCesaria6,0x100,0,0x0,0x0,Determination,Assault,Binding_Vow,Determination,Assault,Binding_Vow,0xffffffffffffffffffff,50,0x42400000424000004240000042400000028002800280028003c003c003c003c005000500050005000640064006400640008080808070707070606060605050505,Merc6MilitiaWaitCesariaNameText,Merc6MilitiaWaitCesariaNameText,Merc6MilitiaWaitCesariaEvents,0x1,0xffff00,12,0x0,1,0x1,Merc6MilitiaWaitCesariaStatusText,DefeatBossText,0x0,0,0x0,255,0,0x9
MercenaryMilitiaWaitCesaria7,0x0,0x0,0x0,0x0,DesertWithGrassMap,0x0,0x0,0x0,0,0,MercenaryMilitiaWaitCesaria7,0x100,0,0x0,0x0,Truth_Despair_and_Hope,From_the_Darkness,Binding_Vow,Truth_Despair_and_Hope,From_the_Darkness,Binding_Vow,0xffffffffffffffffffff,50,0x42400000424000004240000042400000028002800280028003c003c003c003c005000500050005000640064006400640008080808070707070606060605050505,Merc7MilitiaWaitCesariaNameText,Merc7MilitiaWaitCesariaNameText,Merc7MilitiaWaitCesariaEvents,0x1,0xffff00,14,0x0,1,0x1,Merc7MilitiaWaitCesariaStatusText,DefeatBossText,0x0,0,0x0,255,0,0x9
MercenaryMilitiaKill3,0x0,0x0,0x0,0x0,HaedricHideoutMap,0x0,0x0,0x0,0,0,MercenaryMilitiaKill3,0x100,0,0x0,0x0,Rise_Above,Assault,Binding_Vow,Rise_Above,Assault,Binding_Vow,0xffffffffffffffffffff,50,0x42400000424000004240000042400000028002800280028003c003c003c003c005000500050005000640064006400640008080808070707070606060605050505,Merc3MilitiaKillNameText,Merc3MilitiaKillNameText,Merc3MilitiaKillEvents,0x1,0xffff00,6,0x0,1,0x1,Merc3MilitiaKillStatusText,DefeatBossText,0x0,0,0x0,255,0,0x9
MercenaryMilitiaKill4,0x0,0x0,0x0,0x0,BoatsAtSeaMap,0x0,0x0,0x0,0,0,MercenaryMilitiaKill4,0x100,0,0x0,0x0,Rise_Above,Assault,Binding_Vow,Rise_Above,Assault,Binding_Vow,0xffffffffffffffffffff,50,0x42400000424000004240000042400000028002800280028003c003c003c003c005000500050005000640064006400640008080808070707070606060605050505,Merc4MilitiaKillNameText,Merc4MilitiaKillNameText,Merc4MilitiaKillEvents,0x1,0xffff00,8,0x0,1,0x1,Merc4MilitiaKillStatusText,DefeatBossText,0x0,0,0x0,255,0,0x9
MercenaryMilitiaKill5,0x0,0x0,0x0,0x0,AssassinTestMap,0x0,0x0,0x0,0,0,MercenaryMilitiaKill5,0x100,0,0x0,0x0,Rise_Above,From_the_Darkness,Binding_Vow,Rise_Above,From_the_Darkness,Binding_Vow,0xffffffffffffffffffff,50,0x42400000424000004240000042400000028002800280028003c003c003c003c005000500050005000640064006400640008080808070707070606060605050505,Merc5MilitiaKillNameText,Merc5MilitiaKillNameText,Merc5MilitiaKillEvents,0x1,0xffff00,10,0x0,1,0x1,Merc5MilitiaKillStatusText,UnknownText,0x0,0,0x0,255,0,0x9
MercenaryMilitiaKill6,0x0,0x0,0x0,0x0,ShizonDefenseMap,0x0,0x0,ShizonDefenseChanges,0,0,MercenaryMilitiaKill6,0x100,0,0x0,0x0,Rise_Above,From_the_Darkness,Binding_Vow,Rise_Above,From_the_Darkness,Binding_Vow,0xffffffffffffffffffff,50,0x42400000424000004240000042400000028002800280028003c003c003c003c005000500050005000640064006400640008080808070707070606060605050505,Merc6MilitiaKillNameText,Merc6MilitiaKillNameText,Merc6MilitiaKillEvents,0x1,0xffff00,12,0x0,1,0x1,Merc6MilitiaKillStatusText,DefendText,TurnNumberGoal,16,0x0,255,0,0x9
MercenaryMilitiaKill7,0x0,0x0,0x0,0x0,CesarianCapitalAssassinMap,0x0,0x0,CesarianCapitalAssassinChanges,0,0,MercenaryMilitiaKill7,0x100,0,0x0,0x0,Truth_Despair_and_Hope,Twisted_ShadowsA,Binding_Vow,Truth_Despair_and_Hope,Twisted_ShadowsA,Binding_Vow,0xffffffffffffffffffff,50,0x42400000424000004240000042400000028002800280028003c003c003c003c005000500050005000640064006400640008080808070707070606060605050505,Merc7MilitiaKillNameText,Merc7MilitiaKillNameText,Merc7MilitiaKillEvents,0x1,0xffff00,14,0x0,1,0x1,Merc7MilitiaKillStatusText,DefeatBossText,0x0,0,0x0,255,0,0x9
MercenaryBandit2,0x0,0x2E,0x34,0x30,PlainsMap,_2EAnims,0x0,PlainsChanges,0,0,MercenaryBandit2,0x100,0,0x0,0x0,Distant_Roads,Shadow_of_the_Enemy,Binding_Vow,Distant_Roads,Shadow_of_the_Enemy,Binding_Vow,0xffffffffffffffffffff,50,0x42400000424000004240000042400000028002800280028003c003c003c003c005000500050005000640064006400640008080808070707070606060605050505,Merc2BanditNameText,Merc2BanditNameText,Merc2BanditEvents,0x1,0xffff00,4,0x0,1,0x1,Merc2BanditStatusText,DefeatBossText,0x0,0,0x0,255,0,0x9
MercenaryBandit3,0x0,0x0,0x0,0x0,CaravanPathMap,0x0,0x0,0x0,0,0,MercenaryBandit3,0x100,0,0x0,0x0,Rise_Above,Assault,Binding_Vow,Rise_Above,Assault,Binding_Vow,0xffffffffffffffffffff,50,0x42400000424000004240000042400000028002800280028003c003c003c003c005000500050005000640064006400640008080808070707070606060605050505,Merc3BanditNameText,Merc3BanditNameText,Merc3BanditEvents,0x1,0xffff00,6,0x0,1,0x1,Merc3BanditStatusText,DefeatBossText,0x0,0,0x0,255,0,0x9
MercenaryBandit4,0x0,0x0,0x0,0x0,MayorsVillageMap,0x0,0x0,MayorsVillageChanges,0,0,MercenaryBandit4,0x100,0,0x0,0x0,Rise_Above,Assault,Binding_Vow,Rise_Above,Assault,Binding_Vow,0xffffffffffffffffffff,50,0x42400000424000004240000042400000028002800280028003c003c003c003c005000500050005000640064006400640008080808070707070606060605050505,Merc4BanditNameText,Merc4BanditNameText,Merc4BanditEvents,0x1,0xffff00,8,0x0,1,0x1,Merc4BanditStatusText,DefeatBossText,0x0,0,0x0,255,0,0x9
MercenaryBanditBandit5,0x0,0x0,0x0,0x0,HaedricCastleMap,0x0,0x0,HaedricCastleChanges,0,0,MercenaryBanditBandit5,0x100,0,0x0,0x0,Rise_Above,Assault,Binding_Vow,Rise_Above,Assault,Binding_Vow,0xffffffffffffffffffff,50,0x42400000424000004240000042400000028002800280028003c003c003c003c005000500050005000640064006400640008080808070707070606060605050505,Merc5BanditBanditNameText,Merc5BanditBanditNameText,Merc5BanditBanditEvents,0x1,0xffff00,10,0x0,1,0x1,Merc5BanditBanditStatusText,ReachLeonText,0x0,0,0x0,255,0,0x9
MercenaryBanditBandit6,0x0,0x0,0x0,0x0,BacrunCastleMap,0x0,0x0,BacrunCastleChanges,0,0,MercenaryBanditBandit6,0x100,0,0x0,0x0,Truth_Despair_and_Hope,From_the_Darkness,Binding_Vow,Truth_Despair_and_Hope,From_the_Darkness,Binding_Vow,0xffffffffffffffffffff,50,0x42400000424000004240000042400000028002800280028003c003c003c003c005000500050005000640064006400640008080808070707070606060605050505,Merc6BanditBanditNameText,Merc6BanditBanditNameText,Merc6BanditBanditEvents,0x1,0xffff00,12,0x0,1,0x1,Merc6BanditBanditStatusText,DefeatBossText,0x0,0,0x0,255,0,0x9
MercenaryBanditBandit7,0x0,0x0,0x0,0x0,BacrunCityMap,0x0,0x0,BacrunCityChanges,0,0,MercenaryBanditBandit7,0x100,0,0x0,0x0,Truth_Despair_and_Hope,From_the_Darkness,Binding_Vow,Truth_Despair_and_Hope,From_the_Darkness,Binding_Vow,0xffffffffffffffffffff,50,0x42400000424000004240000042400000028002800280028003c003c003c003c005000500050005000640064006400640008080808070707070606060605050505,Merc7BanditBanditNameText,Merc7BanditBanditNameText,Merc7BanditBanditEvents,0x1,0xffff00,14,0x0,1,0x1,Merc7BanditBanditStatusText,DefeatBossesText,0x0,0,0x0,255,0,0x9
MercenaryBanditDisband5,0x0,0x0,0x0,0x0,BacrunCity2Map,0x0,0x0,BacrunCity2Changes,0,0,MercenaryBanditDisband5,0x100,0,0x0,0x0,Rise_Above,Assault,Binding_Vow,Rise_Above,Assault,Binding_Vow,0xffffffffffffffffffff,50,0x42400000424000004240000042400000028002800280028003c003c003c003c005000500050005000640064006400640008080808070707070606060605050505,Merc5BanditDisbandNameText,Merc5BanditDisbandNameText,Merc5BanditDisbandEvents,0x1,0xffff00,10,0x0,1,0x1,Merc5BanditDisbandStatusText,DefeatBossText,0x0,0,0x0,255,0,0x9
MercenaryBanditDisband6,0x0,0x0,0x0,0x0,LotsOfRoomsMap,0x0,0x0,LotsOfRoomsChanges,0,0,MercenaryBanditDisband6,0x100,0,0x0,0x0,Land_of_Promise,Twisted_ShadowsB,Binding_Vow,Land_of_Promise,Twisted_ShadowsB,Binding_Vow,0xffffffffffffffffffff,50,0x42400000424000004240000042400000028002800280028003c003c003c003c005000500050005000640064006400640008080808070707070606060605050505,Merc6BanditDisbandNameText,Merc6BanditDisbandNameText,Merc6BanditDisbandEvents,0x1,0xffff00,12,0x0,1,0x1,Merc6BanditDisbandStatusText,ReachEfilText,0x0,0,0x0,255,0,0x9
MercenaryBanditDisband7,0x0,0x0,0x0,0x0,BigBattlegroundMap,0x0,0x0,0x0,0,0,MercenaryBanditDisband7,0x100,0,0x0,0x0,Fighting_of_the_Spirit,Twisted_Shadows_A,Binding_Vow,Land_of_Promise,Twisted_Shadows_A,Binding_Vow,0xffffffffffffffffffff,50,0x42400000424000004240000042400000028002800280028003c003c003c003c005000500050005000640064006400640008080808070707070606060605050505,Merc7BanditDisbandNameText,Merc7BanditDisbandNameText,Merc7BanditDisbandEvents,0x1,0xffff00,14,0x0,1,0x1,Merc7BanditDisbandStatusText,DefeatBossText,0x0,0,0x0,255,0,0x9
MilitaryAcceptRetreatHelp6Grow2,0x0,0x0,0x0,0x0,ShizonLanding2Map,0x0,0x0,ShizonLandingChanges,0,0,MilitaryAcceptRetreatHelp6Grow2,0x100,0,0x0,0x0,Fighting_of_the_Spirit,Hollow_Bastion,Binding_Vow,Fighting_of_the_Spirit,Hollow_Bastion,Binding_Vow,0xffffffffffffffffffff,50,0x42400000424000004240000042400000028002800280028003c003c003c003c005000500050005000640064006400640008080808070707070606060605050505,Military6AcceptRetreatHelpNameText,Military6AcceptRetreatHelpNameText,Military6AcceptRetreatHelpEvents,0x1,0xffff00,0,0x0,1,0x1,Merc7BanditDisbandStatusText,ClearZoneText,0x0,0,0x0,255,0,0x9
MilitaryAcceptRetreatHelp6Grow3,0x0,0x0,0x0,0x0,ShizonLanding3Map,0x0,0x0,ShizonLandingChanges,0,0,MilitaryAcceptRetreatHelp6Grow3,0x100,0,0x0,0x0,Fighting_of_the_Spirit,Hollow_Bastion,Binding_Vow,Fighting_of_the_Spirit,Hollow_Bastion,Binding_Vow,0xffffffffffffffffffff,50,0x42400000424000004240000042400000028002800280028003c003c003c003c005000500050005000640064006400640008080808070707070606060605050505,Military6AcceptRetreatHelpNameText,Military6AcceptRetreatHelpNameText,Military6AcceptRetreatHelpEvents,0x1,0xffff00,0,0x0,1,0x1,Military6AcceptRetreatHelpStatusText,DefeatAllText,EnemyCountGoal,0,0x0,255,0,0x9
,,,,,,,,,,,,,,,,,,,,,,,,,,,,,,,,,,,,,,,,,
ShizonShrineCutscene,0x0,0x0,0x0,0x0,ShizonShrineMap,0x0,0x0,0x0,0,0,ShizonShrineCutscene,0x100,0,0x0,0x0,Truth_Despair_and_Hope,From_the_Darkness,Binding_Vow,Truth_Despair_and_Hope,From_the_Darkness,Binding_Vow,0xffffffffffffffffffff,50,0x42400000424000004240000042400000028002800280028003c003c003c003c005000500050005000640064006400640008080808070707070606060605050505,PrologueNameText,PrologueNameText,PrologueEvent,0x1,0xffff00,0,0x0,1,0x1,Military6AcceptRetreatHelpStatusText,DefeatAllText,EnemyCountGoal,0,0x0,255,0,0x9
LeavingShizonCutscene,0x0,0x0,0x0,0x0,LeavingShizonMap,0x0,0x0,0x0,0,0,LeavingShizonCutscene,0x100,0,0x0,0x0,Truth_Despair_and_Hope,From_the_Darkness,Binding_Vow,Truth_Despair_and_Hope,From_the_Darkness,Binding_Vow,0xffffffffffffffffffff,50,0x42400000424000004240000042400000028002800280028003c003c003c003c005000500050005000640064006400640008080808070707070606060605050505,PrologueNameText,PrologueNameText,PrologueEvent,0x1,0xffff00,0,0x0,1,0x1,Merc7BanditDisbandStatusText,DefeatBossText,0x0,0,0x0,255,0,0x9
LeavingUndergroundCutscene,0x0,0x0,0x0,0x0,LeavingUndergroundMap,0x0,0x0,0x0,0,0,LeavingUndergroundCutscene,0x100,0,0x0,0x0,Truth_Despair_and_Hope,From_the_Darkness,Binding_Vow,Truth_Despair_and_Hope,From_the_Darkness,Binding_Vow,0xffffffffffffffffffff,50,0x42400000424000004240000042400000028002800280028003c003c003c003c005000500050005000640064006400640008080808070707070606060605050505,PrologueNameText,PrologueNameText,PrologueEvent,0x1,0xffff00,0,0x0,1,0x1,Merc7BanditDisbandStatusText,DefeatBossText,0x0,0,0x0,255,0,0x9
OutsideTempleCutscene,0x0,0x0,0x0,0x0,OutsideTempleMap,0x0,0x0,0x0,0,0,OutsideTempleCutscene,0x100,0,0x0,0x0,Truth_Despair_and_Hope,From_the_Darkness,Binding_Vow,Truth_Despair_and_Hope,From_the_Darkness,Binding_Vow,0xffffffffffffffffffff,50,0x42400000424000004240000042400000028002800280028003c003c003c003c005000500050005000640064006400640008080808070707070606060605050505,PrologueNameText,PrologueNameText,PrologueEvent,0x1,0xffff00,0,0x0,1,0x1,Merc7BanditDisbandStatusText,DefeatBossText,0x0,0,0x0,255,0,0x9
MercenaryCampCutscene,0x0,0x0,0x0,0x0,DesertMap,0x0,0x0,0x0,0,0,MercenaryCampCutscene,0x100,0,0x0,0x0,Truth_Despair_and_Hope,From_the_Darkness,Binding_Vow,Truth_Despair_and_Hope,From_the_Darkness,Binding_Vow,0xffffffffffffffffffff,50,0x42400000424000004240000042400000028002800280028003c003c003c003c005000500050005000640064006400640008080808070707070606060605050505,PrologueNameText,PrologueNameText,PrologueEvent,0x1,0xffff00,0,0x0,1,0x1,Merc7BanditDisbandStatusText,DefeatBossText,0x0,0,0x0,255,0,0x9
MaximusUzkalisCutscene,0x0,0x0,0x0,0x0,MaximusUzkalisCutsceneMap,0x0,0x0,0x0,0,0,MaximusUzkalisCutscene,0x100,0,0x0,0x0,Truth_Despair_and_Hope,From_the_Darkness,Binding_Vow,Truth_Despair_and_Hope,From_the_Darkness,Binding_Vow,0xffffffffffffffffffff,50,0x42400000424000004240000042400000028002800280028003c003c003c003c005000500050005000640064006400640008080808070707070606060605050505,PrologueNameText,PrologueNameText,PrologueEvent,0x1,0xffff00,0,0x0,1,0x1,Merc7BanditDisbandStatusText,DefeatBossText,0x0,0,0x0,255,0,0x9
HaedricCastleCutscene,0x0,0x0,0x0,0x0,HaedricCastleCutsceneMap,0x0,0x0,0x0,0,0,HaedricCastleCutscene,0x100,0,0x0,0x0,Truth_Despair_and_Hope,From_the_Darkness,Binding_Vow,Truth_Despair_and_Hope,From_the_Darkness,Binding_Vow,0xffffffffffffffffffff,50,0x42400000424000004240000042400000028002800280028003c003c003c003c005000500050005000640064006400640008080808070707070606060605050505,PrologueNameText,PrologueNameText,PrologueEvent,0x1,0xffff00,0,0x0,1,0x1,Merc7BanditDisbandStatusText,DefeatBossText,0x0,0,0x0,255,0,0x9
KilthelCutscene,0x0,0x0,0x0,0x0,OutsideKilthelMap,0x0,0x0,0x0,0,0,KilthelCutscene,0x100,0,0x0,0x0,Truth_Despair_and_Hope,From_the_Darkness,Binding_Vow,Truth_Despair_and_Hope,From_the_Darkness,Binding_Vow,0xffffffffffffffffffff,50,0x42400000424000004240000042400000028002800280028003c003c003c003c005000500050005000640064006400640008080808070707070606060605050505,PrologueNameText,PrologueNameText,PrologueEvent,0x1,0xffff00,0,0x0,1,0x1,Merc7BanditDisbandStatusText,DefeatBossText,0x0,0,0x0,255,0,0x9
ArtifactDoorCutscene,0x0,0x0,0x0,0x0,ArtifactSlotMap,0x0,0x0,ArtifactSlotChanges,0,0,ArtifactDoorCutscene,0x100,0,0x0,0x0,Truth_Despair_and_Hope,From_the_Darkness,Binding_Vow,Truth_Despair_and_Hope,From_the_Darkness,Binding_Vow,0xffffffffffffffffffff,50,0x42400000424000004240000042400000028002800280028003c003c003c003c005000500050005000640064006400640008080808070707070606060605050505,PrologueNameText,PrologueNameText,PrologueEvent,0x1,0xffff00,0,0x0,1,0x1,Merc7BanditDisbandStatusText,DefeatBossText,0x0,0,0x0,255,0,0x9
BacrunRuins1Cutscene,0x0,0x0,0x0,0x0,0x0,0x0,0x0,0x0,0,0,BacrunRuins1Cutscene,0x100,0,0x0,0x0,Truth_Despair_and_Hope,From_the_Darkness,Binding_Vow,Truth_Despair_and_Hope,From_the_Darkness,Binding_Vow,0xffffffffffffffffffff,50,0x42400000424000004240000042400000028002800280028003c003c003c003c005000500050005000640064006400640008080808070707070606060605050505,PrologueNameText,PrologueNameText,PrologueEvent,0x1,0xffff00,0,0x0,1,0x1,Merc7BanditDisbandStatusText,DefeatBossText,0x0,0,0x0,255,0,0x9
BacrunRuins2Cutscene,0x0,0x0,0x0,0x0,0x0,0x0,0x0,0x0,0,0,BacrunRuins2Cutscene,0x100,0,0x0,0x0,Truth_Despair_and_Hope,From_the_Darkness,Binding_Vow,Truth_Despair_and_Hope,From_the_Darkness,Binding_Vow,0xffffffffffffffffffff,50,0x42400000424000004240000042400000028002800280028003c003c003c003c005000500050005000640064006400640008080808070707070606060605050505,PrologueNameText,PrologueNameText,PrologueEvent,0x1,0xffff00,0,0x0,1,0x1,Merc7BanditDisbandStatusText,DefeatBossText,0x0,0,0x0,255,0,0x9
KilthelFightCutscene,0x0,0x0,0x0,0x0,0x0,0x0,0x0,0x0,0,0,KilthelFightCutscene,0x100,0,0x0,0x0,Truth_Despair_and_Hope,From_the_Darkness,Binding_Vow,Truth_Despair_and_Hope,From_the_Darkness,Binding_Vow,0xffffffffffffffffffff,50,0x42400000424000004240000042400000028002800280028003c003c003c003c005000500050005000640064006400640008080808070707070606060605050505,PrologueNameText,PrologueNameText,PrologueEvent,0x1,0xffff00,0,0x0,1,0x1,Merc7BanditDisbandStatusText,DefeatBossText,0x0,0,0x0,255,0,0x9
GuardianSpiritWallCutscene,0x0,0x0,0x0,0x0,0x0,0x0,0x0,0x0,0,0,GuardianSpiritWallCutscene,0x100,0,0x0,0x0,Truth_Despair_and_Hope,From_the_Darkness,Binding_Vow,Truth_Despair_and_Hope,From_the_Darkness,Binding_Vow,0xffffffffffffffffffff,50,0x42400000424000004240000042400000028002800280028003c003c003c003c005000500050005000640064006400640008080808070707070606060605050505,PrologueNameText,PrologueNameText,PrologueEvent,0x1,0xffff00,0,0x0,1,0x1,Merc7BanditDisbandStatusText,DefeatBossText,0x0,0,0x0,255,0,0x9
AltianDungeonCutscene,0x0,0x0,0x0,0x0,AltianDungeonCutsceneMap,0x0,0x0,0x0,0,0,AltianDungeonCutscene,0x100,0,0x0,0x0,Truth_Despair_and_Hope,From_the_Darkness,Binding_Vow,Truth_Despair_and_Hope,From_the_Darkness,Binding_Vow,0xffffffffffffffffffff,50,0x42400000424000004240000042400000028002800280028003c003c003c003c005000500050005000640064006400640008080808070707070606060605050505,PrologueNameText,PrologueNameText,PrologueEvent,0x1,0xffff00,0,0x0,1,0x1,Merc7BanditDisbandStatusText,DefeatBossText,0x0,0,0x0,255,0,0x9
HaedricCityCutscene,0x0,0x0,0x0,0x0,HaedricCityMap,0x0,0x0,HaedricCityChanges,0,0,HaedricCityCutscene,0x100,0,0x0,0x0,Truth_Despair_and_Hope,From_the_Darkness,Binding_Vow,Truth_Despair_and_Hope,From_the_Darkness,Binding_Vow,0xffffffffffffffffffff,50,0x42400000424000004240000042400000028002800280028003c003c003c003c005000500050005000640064006400640008080808070707070606060605050505,PrologueNameText,PrologueNameText,PrologueEvent,0x1,0xffff00,0,0x0,1,0x1,Merc7BanditDisbandStatusText,DefeatBossText,0x0,0,0x0,255,0,0x9
PortSelsingCutscene,0x0,0x0,0x0,0x0,PortSelsingMap,0x0,0x0,PortSelsingChanges,0,0,PortSelsingCutscene,0x100,0,0x0,0x0,Truth_Despair_and_Hope,From_the_Darkness,Binding_Vow,Truth_Despair_and_Hope,From_the_Darkness,Binding_Vow,0xffffffffffffffffffff,50,0x42400000424000004240000042400000028002800280028003c003c003c003c005000500050005000640064006400640008080808070707070606060605050505,PrologueNameText,PrologueNameText,PrologueEvent,0x1,0xffff00,0,0x0,1,0x1,Merc7BanditDisbandStatusText,DefeatBossText,0x0,0,0x0,255,0,0x9
KendrickShipCutscene,0x0,0x0,0x0,0x0,KendrickShipMap,0x0,0x0,0x0,0,0,KendrickShipCutscene,0x100,0,0x0,0x0,Truth_Despair_and_Hope,From_the_Darkness,Binding_Vow,Truth_Despair_and_Hope,From_the_Darkness,Binding_Vow,0xffffffffffffffffffff,50,0x42400000424000004240000042400000028002800280028003c003c003c003c005000500050005000640064006400640008080808070707070606060605050505,PrologueNameText,PrologueNameText,PrologueEvent,0x1,0xffff00,0,0x0,1,0x1,Merc7BanditDisbandStatusText,DefeatBossText,0x0,0,0x0,255,0,0x9
,,,,,,,,,,,,,,,,,,,,,,,,,,,,,,,,,,,,,,,,,
0x3A Link Arena,0x0,0x0,0x0,0x0,0xc9,0x0,0x0,0x0,0,0,0x3A,0x100,0,0x0,0x234,0x0,0x0,Binding_Vow,0x0,0x0,Binding_Vow,0xffffffffffffffffffff,50,0x42400000424000004240000042400000028002800280028003c003c003c003c005000500050005000640064006400640008080808070707070606060605050505,0x0,0x0,PrologueEvent,0x1,0xffff00,0,0x0,1,0x1,0x0,0x0,0x0,0,0x0,255,0,0x0
