"0x8cc9b8","Character Reference Number","Starting Class","***UNKNOWN*** (Usually Zero)","Starting Level/Alliance","X Co-ordinate","Y Co-ordinate","***UNKNOWN***","Reinforcement Placement?","Reinforcement Pointer?","Slot Item 1","Slot Item 2","Slot Item 3","Slot Item 4","AI 1","AI 2","AI 3","AI 4"
"0x00 Tower 7","0x2","0x7","0x0","0x8","4","5","0x0","0x0","0x0","0x17","0x4","0x6c","0x0","0x0","0x0","0x0","0x0"
"0x01","0x2","0x7","0x0","0x8","132","5","0x0","0x0","0x0","0x17","0x4","0x6c","0x0","0x0","0x0","0x0","0x0"
"0x02","0x2","0x7","0x0","0x8","66","5","0x0","0x0","0x0","0x17","0x4","0x6c","0x0","0x0","0x0","0x0","0x0"
"0x03","0x2","0x7","0x0","0x8","67","5","0x0","0x0","0x0","0x17","0x4","0x6c","0x0","0x0","0x0","0x0","0x0"
"0x04","0x2","0x7","0x0","0x8","3","5","0x0","0x0","0x0","0x17","0x4","0x6c","0x0","0x0","0x0","0x0","0x0"
"0x05","0x2","0x7","0x0","0x8","69","5","0x0","0x0","0x0","0x17","0x4","0x6c","0x0","0x0","0x0","0x0","0x0"
"0x06","0x2","0x7","0x0","0x8","5","5","0x0","0x0","0x0","0x17","0x4","0x6c","0x0","0x0","0x0","0x0","0x0"
"0x07","0x2","0x7","0x0","0x8","70","5","0x0","0x0","0x0","0x17","0x4","0x6c","0x0","0x0","0x0","0x0","0x0"
"0x08","0x0","0x0","0x0","0x0","0","0","0x0","0x0","0x0","0x0","0x0","0x0","0x0","0x0","0x0","0x0","0x0"
"0x09","0x5f","0x64","0x0","0x35","129","0","0x0","0x0","0x0","0x1c","0x16","0x0","0x0","0x0","0x3","0xc","0x0"
"0x0A","0xbb","0x63","0x0","0x6d","194","0","0x0","0x0","0x0","0x16","0x0","0x0","0x0","0x0","0x3","0xc","0x0"
"0x0B","0xbb","0x63","0x0","0x6d","131","0","0x0","0x0","0x0","0x16","0x0","0x0","0x0","0x0","0x3","0xc","0x0"
"0x0C","0xb7","0xe","0x0","0x65","10","81","0x0","0x0","0x0","0x0","0x0","0x0","0x0","0x0","0x3","0xc","0x0"
"0x0D","0xb7","0x60","0x0","0x2d","201","0","0x0","0x0","0x0","0xb4","0x0","0x0","0x0","0x3","0x3","0xc","0x0"
"0x0E","0xb7","0xe","0x0","0x65","136","80","0x0","0x0","0x0","0x0","0x0","0x0","0x0","0x0","0x3","0xc","0x0"
"0x0F","0xb7","0xe","0x0","0x65","138","80","0x0","0x0","0x0","0x0","0x0","0x0","0x0","0x0","0x3","0xc","0x0"
"0x10","0xb7","0xe","0x0","0x65","8","81","0x0","0x0","0x0","0x0","0x0","0x0","0x0","0x0","0x3","0xc","0x0"
"0x11","0xb3","0x9","0x0","0x65","83","81","0x0","0x0","0x0","0x0","0x0","0x0","0x0","0x0","0x3","0xc","0x0"
"0x12","0xb3","0x9","0x0","0x65","18","81","0x0","0x0","0x0","0x0","0x0","0x0","0x0","0x0","0x3","0xc","0x0"
"0x13","0xb3","0x9","0x0","0x65","16","81","0x0","0x0","0x0","0x0","0x0","0x0","0x0","0x0","0x3","0xc","0x0"
"0x14","0xb3","0x9","0x0","0x65","207","80","0x0","0x0","0x0","0x0","0x0","0x0","0x0","0x0","0x3","0xc","0x0"
"0x15","0xb3","0x9","0x0","0x65","211","80","0x0","0x0","0x0","0x0","0x0","0x0","0x0","0x0","0x3","0xc","0x0"
"0x16","0xb3","0x9","0x0","0x65","79","81","0x0","0x0","0x0","0x0","0x0","0x0","0x0","0x0","0x3","0xc","0x0"
"0x17","0xb0","0x6","0x0","0x65","83","83","0x0","0x0","0x0","0x0","0x0","0x0","0x0","0x0","0x3","0xc","0x0"
"0x18","0xb0","0x6","0x0","0x65","85","83","0x0","0x0","0x0","0x0","0x0","0x0","0x0","0x0","0x3","0xc","0x0"
"0x19","0xb0","0x6","0x0","0x65","148","83","0x0","0x0","0x0","0x0","0x0","0x0","0x0","0x0","0x3","0xc","0x0"
"0x1A","0xb0","0x59","0x0","0x2d","20","3","0x0","0x0","0x0","0xb0","0x0","0x0","0x0","0x3","0x3","0xc","0x0"
"0x1B","0xac","0x2","0x0","0x65","204","84","0x0","0x0","0x0","0x0","0x0","0x0","0x0","0x0","0x3","0xc","0x0"
"0x1C","0xac","0x56","0x0","0x2d","141","4","0x0","0x0","0x0","0x1d","0x0","0x0","0x0","0x3","0x3","0xc","0x0"
"0x1D","0xac","0x4","0x0","0x65","206","84","0x0","0x0","0x0","0x0","0x0","0x0","0x0","0x0","0x3","0xc","0x0"
"0x1E","0xac","0x2","0x0","0x65","76","84","0x0","0x0","0x0","0x0","0x0","0x0","0x0","0x0","0x3","0xc","0x0"
"0x1F","0xac","0x4","0x0","0x65","78","84","0x0","0x0","0x0","0x0","0x0","0x0","0x0","0x0","0x3","0xc","0x0"
"0x20","0xaa","0x0","0x0","0x65","67","83","0x0","0x0","0x0","0x0","0x0","0x0","0x0","0x0","0x3","0xc","0x0"
"0x21","0xaa","0x0","0x0","0x65","69","83","0x0","0x0","0x0","0x0","0x0","0x0","0x0","0x0","0x3","0xc","0x0"
"0x22","0xaa","0x0","0x0","0x65","2","83","0x0","0x0","0x0","0x0","0x0","0x0","0x0","0x0","0x3","0xc","0x0"
"0x23","0xaa","0x53","0x0","0x2d","4","3","0x0","0x0","0x0","0xae","0x0","0x0","0x0","0x3","0x3","0xc","0x0"
"0x24","0xaa","0x0","0x0","0x65","130","83","0x0","0x0","0x0","0x0","0x0","0x0","0x0","0x0","0x3","0xc","0x0"
"0x25","0xaa","0x0","0x0","0x65","134","83","0x0","0x0","0x0","0x0","0x0","0x0","0x0","0x0","0x3","0xc","0x0"
"0x26","0xb3","0x5c","0x0","0x2d","209","0","0x0","0x0","0x0","0xb2","0x0","0x0","0x0","0x3","0x3","0xc","0x0"
"0x27","0xaa","0x0","0x0","0x65","6","19","0x0","0x0","0x0","0x0","0x0","0x0","0x0","0x0","0x3","0xc","0x0"
"0x28","0x0","0x0","0x0","0x0","0","0","0x0","0x0","0x0","0x0","0x0","0x0","0x0","0x0","0x0","0x0","0x0"
"0x29","0x0","0x0","0x0","0x0","0","0","0x0","0x0","0x0","0x0","0x0","0x0","0x0","0x0","0x0","0x0","0x0"
"0x2A","0xbb","0x63","0x0","0x65","132","2","0x0","0x1","0x88cc988","0x14","0x0","0x0","0x0","0x0","0x0","0xc","0x0"
"0x2B","0xbb","0x63","0x0","0x65","132","2","0x0","0x1","0x88cc990","0x1c","0x0","0x0","0x0","0x0","0x12","0xc","0x0"
"0x2C","0x0","0x0","0x0","0x0","0","0","0x0","0x0","0x0","0x0","0x0","0x0","0x0","0x0","0x0","0x0","0x0"
"0x2D","0xbb","0x63","0x0","0x65","205","3","0x0","0x1","0x88cc998","0x16","0x0","0x0","0x0","0x0","0x0","0xc","0x0"
"0x2E","0xbb","0x63","0x0","0x65","205","3","0x0","0x1","0x88cc9a0","0x95","0x0","0x0","0x0","0x0","0x12","0xc","0x0"
"0x2F","0x0","0x0","0x0","0x0","0","0","0x0","0x0","0x0","0x0","0x0","0x0","0x0","0x0","0x0","0x0","0x0"
"0x30","0xbb","0x63","0x0","0x65","148","2","0x0","0x1","0x88cc9a8","0x1e","0x0","0x0","0x0","0x0","0x0","0xc","0x0"
"0x31","0xbb","0x63","0x0","0x65","148","2","0x0","0x1","0x88cc9b0","0x18","0x0","0x0","0x0","0x0","0x12","0xc","0x0"
"0x32","0x0","0x0","0x0","0x0","0","0","0x0","0x0","0x0","0x0","0x0","0x0","0x0","0x0","0x0","0x0","0x0"
"0x33 Tower 8","0x2","0x7","0x0","0x50","203","5","0x0","0x0","0x0","0x16","0x3","0x6c","0x0","0x0","0x0","0x0","0x0"
"0x34","0x2","0x7","0x0","0x50","11","6","0x0","0x0","0x0","0x16","0x3","0x6c","0x0","0x0","0x0","0x0","0x0"
"0x35","0x2","0x7","0x0","0x50","10","6","0x0","0x0","0x0","0x16","0x3","0x6c","0x0","0x0","0x0","0x0","0x0"
"0x36","0x2","0x7","0x0","0x50","14","6","0x0","0x0","0x0","0x16","0x3","0x6c","0x0","0x0","0x0","0x0","0x0"
"0x37","0x2","0x7","0x0","0x50","8","6","0x0","0x0","0x0","0x16","0x3","0x6c","0x0","0x0","0x0","0x0","0x0"
"0x38","0x2","0x7","0x0","0x50","12","6","0x0","0x0","0x0","0x16","0x3","0x6c","0x0","0x0","0x0","0x0","0x0"
"0x39","0x2","0x7","0x0","0x50","205","5","0x0","0x0","0x0","0x16","0x3","0x6c","0x0","0x0","0x0","0x0","0x0"
"0x3A","0x2","0x7","0x0","0x50","201","5","0x0","0x0","0x0","0x16","0x3","0x6c","0x0","0x0","0x0","0x0","0x0"
"0x3B","0x0","0x0","0x0","0x0","0","0","0x0","0x0","0x0","0x0","0x0","0x0","0x0","0x0","0x0","0x0","0x0"
"0x3C","0x5f","0x1b","0x0","0x3d","139","16","0x0","0x0","0x0","0x29","0x2b","0x0","0x0","0x3","0x3","0xc","0x0"
"0x3D","0xb2","0x5a","0x0","0x35","202","0","0x0","0x0","0x0","0x27","0x0","0x0","0x0","0x0","0x3","0xc","0x0"
"0x3E","0xb2","0x5a","0x0","0x35","204","0","0x0","0x0","0x0","0x26","0x0","0x0","0x0","0x0","0x3","0xc","0x0"
"0x3F","0xae","0x3","0x0","0x25","74","81","0x0","0x0","0x0","0x0","0x0","0x0","0x0","0x0","0x3","0xc","0x0"
"0x40","0xae","0x3","0x0","0x25","75","81","0x0","0x0","0x0","0x0","0x0","0x0","0x0","0x0","0x3","0xc","0x0"
"0x41","0xae","0x3","0x0","0x25","76","81","0x0","0x0","0x0","0x0","0x0","0x0","0x0","0x0","0x3","0xc","0x0"
"0x42","0xae","0x3","0x0","0x25","200","80","0x0","0x0","0x0","0x0","0x0","0x0","0x0","0x0","0x0","0xc","0x0"
"0x43","0xae","0x3","0x0","0x25","206","80","0x0","0x0","0x0","0x0","0x0","0x0","0x0","0x0","0x0","0xc","0x0"
"0x44","0xae","0x3","0x0","0x25","196","81","0x0","0x0","0x0","0x0","0x0","0x0","0x0","0x0","0x3","0xc","0x0"
"0x45","0xae","0x3","0x0","0x25","198","81","0x0","0x0","0x0","0x0","0x0","0x0","0x0","0x0","0x3","0xc","0x0"
"0x46","0xae","0x3","0x0","0x25","208","81","0x0","0x0","0x0","0x0","0x0","0x0","0x0","0x0","0x3","0xc","0x0"
"0x47","0xae","0x3","0x0","0x25","210","81","0x0","0x0","0x0","0x0","0x0","0x0","0x0","0x0","0x3","0xc","0x0"
"0x48","0xae","0x3","0x0","0x25","74","83","0x0","0x0","0x0","0x0","0x0","0x0","0x0","0x0","0x3","0xc","0x0"
"0x49","0xae","0x3","0x0","0x25","76","83","0x0","0x0","0x0","0x0","0x0","0x0","0x0","0x0","0x3","0xc","0x0"
"0x4A","0xae","0x3","0x0","0x25","8","83","0x0","0x0","0x0","0x0","0x0","0x0","0x0","0x0","0x0","0xc","0x0"
"0x4B","0xae","0x3","0x0","0x25","14","83","0x0","0x0","0x0","0x0","0x0","0x0","0x0","0x0","0x0","0xc","0x0"
"0x4C","0xae","0x3","0x0","0x25","81","84","0x0","0x0","0x0","0x0","0x0","0x0","0x0","0x0","0x0","0xc","0x0"
"0x4D","0xae","0x3","0x0","0x25","69","84","0x0","0x0","0x0","0x0","0x0","0x0","0x0","0x0","0x0","0xc","0x0"
"0x4E","0xae","0x3","0x0","0x25","6","84","0x0","0x0","0x0","0x0","0x0","0x0","0x0","0x0","0x3","0xc","0x0"
"0x4F","0xae","0x3","0x0","0x25","17","83","0x0","0x0","0x0","0x0","0x0","0x0","0x0","0x0","0x3","0xc","0x0"
"0x50","0xae","0x3","0x0","0x25","144","83","0x0","0x0","0x0","0x0","0x0","0x0","0x0","0x0","0x3","0xc","0x0"
"0x51","0xae","0x3","0x0","0x25","5","83","0x0","0x0","0x0","0x0","0x0","0x0","0x0","0x0","0x3","0xc","0x0"
"0x52","0xae","0x3","0x0","0x25","134","83","0x0","0x0","0x0","0x0","0x0","0x0","0x0","0x0","0x3","0xc","0x0"
"0x53","0xb2","0x8","0x0","0x25","73","83","0x0","0x0","0x0","0x0","0x0","0x0","0x0","0x0","0x3","0xc","0x0"
"0x54","0xb2","0x8","0x0","0x25","77","83","0x0","0x0","0x0","0x0","0x0","0x0","0x0","0x0","0x3","0xc","0x0"
"0x55","0xb2","0x8","0x0","0x25","68","84","0x0","0x0","0x0","0x0","0x0","0x0","0x0","0x0","0x3","0xc","0x0"
"0x56","0xb2","0x8","0x0","0x25","82","84","0x0","0x0","0x0","0x0","0x0","0x0","0x0","0x0","0x3","0xc","0x0"
"0x57","0xb9","0x61","0x0","0x35","75","2","0x0","0x0","0x0","0xac","0xb5","0x0","0x0","0x3","0x3","0xc","0x0"
"0x58","0x0","0x0","0x0","0x0","0","0","0x0","0x0","0x0","0x0","0x0","0x0","0x0","0x0","0x0","0x0","0x0"
"0x59","0x0","0x0","0x0","0x0","0","0","0x0","0x0","0x0","0x0","0x0","0x0","0x0","0x0","0x0","0x0","0x0"
"0x5A Ruins 1","0x2","0x7","0x0","0x50","67","0","0x0","0x0","0x0","0x17","0x4","0x6c","0x0","0x0","0x0","0x0","0x0"
"0x5B","0x2","0x7","0x0","0x50","132","0","0x0","0x0","0x0","0x17","0x4","0x6c","0x0","0x0","0x0","0x0","0x0"
"0x5C","0x2","0x7","0x0","0x50","4","0","0x0","0x0","0x0","0x17","0x4","0x6c","0x0","0x0","0x0","0x0","0x0"
"0x5D","0x2","0x7","0x0","0x50","130","0","0x0","0x0","0x0","0x17","0x4","0x6c","0x0","0x0","0x0","0x0","0x0"
"0x5E","0x2","0x7","0x0","0x50","65","0","0x0","0x0","0x0","0x17","0x4","0x6c","0x0","0x0","0x0","0x0","0x0"
"0x5F","0x2","0x7","0x0","0x50","69","0","0x0","0x0","0x0","0x17","0x4","0x6c","0x0","0x0","0x0","0x0","0x0"
"0x60","0x2","0x7","0x0","0x50","2","0","0x0","0x0","0x0","0x17","0x4","0x6c","0x0","0x0","0x0","0x0","0x0"
"0x61","0x2","0x7","0x0","0x50","64","0","0x0","0x0","0x0","0x17","0x4","0x6c","0x0","0x0","0x0","0x0","0x0"
"0x62","0x0","0x0","0x0","0x0","0","0","0x0","0x0","0x0","0x0","0x0","0x0","0x0","0x0","0x0","0x0","0x0"
"0x63","0x5f","0x56","0x0","0x75","146","3","0x0","0x0","0x0","0x6","0x1c","0x0","0x0","0x3","0x3","0xc","0x0"
"0x64","0xae","0x56","0x0","0x6d","81","3","0x0","0x0","0x0","0x1d","0x0","0x0","0x0","0x3","0x3","0xc","0x0"
"0x65","0xaf","0x57","0x0","0x6d","209","3","0x0","0x0","0x0","0x34","0x0","0x0","0x0","0x3","0x3","0xc","0x0"
"0x66","0xaf","0x57","0x0","0x6d","5","3","0x0","0x0","0x0","0x31","0x0","0x0","0x0","0x0","0x3","0xc","0x0"
"0x67","0xab","0x1","0x0","0x6d","71","20","0x0","0x0","0x0","0x0","0x0","0x0","0x0","0x0","0x3","0xc","0x0"
"0x68","0xae","0x3","0x0","0x6d","74","80","0x0","0x0","0x0","0x0","0x0","0x0","0x0","0x0","0x0","0xc","0x0"
"0x69","0xae","0x3","0x0","0x6d","80","81","0x0","0x0","0x0","0x0","0x0","0x0","0x0","0x0","0x0","0xc","0x0"
"0x6A","0xae","0x3","0x0","0x6d","81","81","0x0","0x0","0x0","0x0","0x0","0x0","0x0","0x0","0x0","0xc","0x0"
"0x6B","0xae","0x3","0x0","0x6d","74","82","0x0","0x0","0x0","0x0","0x0","0x0","0x0","0x0","0x0","0xc","0x0"
"0x6C","0xae","0x3","0x0","0x6d","3","84","0x0","0x0","0x0","0x0","0x0","0x0","0x0","0x0","0x3","0xc","0x0"
"0x6D","0xaf","0x5","0x0","0x6d","73","83","0x0","0x0","0x0","0x0","0x0","0x0","0x0","0x0","0x12","0xc","0x0"
"0x6E","0xae","0x3","0x0","0x6d","75","83","0x0","0x0","0x0","0x0","0x0","0x0","0x0","0x0","0x12","0xc","0x0"
"0x6F","0xae","0x3","0x0","0x6d","79","80","0x0","0x0","0x0","0x0","0x0","0x0","0x0","0x0","0x3","0xc","0x0"
"0x70","0xae","0x3","0x0","0x6d","132","81","0x0","0x0","0x0","0x0","0x0","0x0","0x0","0x0","0x3","0xc","0x0"
"0x71","0xb2","0x8","0x0","0x6d","73","81","0x0","0x0","0x0","0x0","0x0","0x0","0x0","0x0","0x3","0xc","0x0"
"0x72","0xae","0x3","0x0","0x6d","10","81","0x0","0x0","0x0","0x0","0x0","0x0","0x0","0x0","0x3","0xc","0x0"
"0x73","0xae","0x3","0x0","0x6d","138","81","0x0","0x0","0x0","0x0","0x0","0x0","0x0","0x0","0x3","0xc","0x0"
"0x74","0xae","0x3","0x0","0x6d","75","81","0x0","0x0","0x0","0x0","0x0","0x0","0x0","0x0","0x3","0xc","0x0"
"0x75","0xaf","0x5","0x0","0x6d","16","81","0x0","0x0","0x0","0x0","0x0","0x0","0x0","0x0","0x3","0xc","0x0"
"0x76","0xaf","0x5","0x0","0x6d","17","81","0x0","0x0","0x0","0x0","0x0","0x0","0x0","0x0","0x3","0xc","0x0"
"0x77","0xae","0x3","0x0","0x6d","131","81","0x0","0x0","0x0","0x0","0x0","0x0","0x0","0x0","0x3","0xc","0x0"
"0x78","0xb6","0x5e","0x0","0x6d","73","4","0x0","0x0","0x0","0x26","0x0","0x0","0x0","0x0","0x3","0xc","0x0"
"0x79","0xae","0x3","0x0","0x6d","201","82","0x0","0x0","0x0","0x0","0x0","0x0","0x0","0x0","0x3","0xc","0x0"
"0x7A","0xae","0x3","0x0","0x6d","203","82","0x0","0x0","0x0","0x0","0x0","0x0","0x0","0x0","0x3","0xc","0x0"
"0x7B","0xaf","0x5","0x0","0x6d","10","83","0x0","0x0","0x0","0x0","0x0","0x0","0x0","0x0","0x3","0xc","0x0"
"0x7C","0xaf","0x5","0x0","0x6d","17","82","0x0","0x0","0x0","0x0","0x0","0x0","0x0","0x0","0x3","0xc","0x0"
"0x7D","0xaf","0x5","0x0","0x6d","18","82","0x0","0x0","0x0","0x0","0x0","0x0","0x0","0x0","0x3","0xc","0x0"
"0x7E","0xb1","0x7","0x0","0x6d","1","18","0x0","0x0","0x0","0x0","0x0","0x0","0x0","0x0","0x3","0xc","0x0"
"0x7F","0xb9","0x5","0x0","0x6d","64","83","0x0","0x0","0x0","0x0","0x0","0x0","0x0","0x3","0x3","0xc","0x0"
"0x80","0xb9","0x3","0x0","0x6d","129","83","0x0","0x0","0x0","0x0","0x0","0x0","0x0","0x3","0x3","0xc","0x0"
"0x81","0xb9","0x3","0x0","0x6d","66","83","0x0","0x0","0x0","0x0","0x0","0x0","0x0","0x3","0x3","0xc","0x0"
"0x82","0xb9","0x13","0x0","0x6d","64","84","0x0","0x0","0x0","0x0","0x0","0x0","0x0","0x3","0x3","0xc","0x0"
"0x83","0xb9","0x13","0x0","0x6d","65","84","0x0","0x0","0x0","0x0","0x0","0x0","0x0","0x3","0x3","0xc","0x0"
"0x84","0xb9","0x13","0x0","0x6d","66","84","0x0","0x0","0x0","0x0","0x0","0x0","0x0","0x3","0x3","0xc","0x0"
"0x85","0xb9","0x3","0x0","0x6d","79","83","0x0","0x0","0x0","0x0","0x0","0x0","0x0","0x3","0x3","0xc","0x0"
"0x86","0xb9","0x5","0x0","0x6d","143","83","0x0","0x0","0x0","0x0","0x0","0x0","0x0","0x3","0x3","0xc","0x0"
"0x87","0xba","0xc","0x0","0x6d","77","84","0x0","0x0","0x0","0x0","0x0","0x0","0x0","0x3","0x3","0xc","0x0"
"0x88","0xba","0xc","0x0","0x6d","14","84","0x0","0x0","0x0","0x0","0x0","0x0","0x0","0x3","0x3","0xc","0x0"
"0x89","0xba","0xc","0x0","0x6d","79","84","0x0","0x0","0x0","0x0","0x0","0x0","0x0","0x3","0x3","0xc","0x0"
"0x8A","0xae","0x3","0x0","0x6d","196","19","0x0","0x0","0x0","0x0","0x0","0x0","0x0","0x0","0x3","0xc","0x0"
"0x8B","0x0","0x0","0x0","0x0","0","0","0x0","0x0","0x0","0x0","0x0","0x0","0x0","0x0","0x0","0x0","0x0"
"0x8C","0x0","0x0","0x0","0x0","0","0","0x0","0x0","0x0","0x0","0x0","0x0","0x0","0x0","0x0","0x0","0x0"
"0x8D","0xae","0x3","0x0","0x6d","147","19","0x0","0x0","0x0","0x0","0x0","0x0","0x0","0x0","0x0","0xc","0x0"
"0x8E","0xae","0x3","0x0","0x6d","211","83","0x0","0x0","0x0","0x0","0x0","0x0","0x0","0x0","0x0","0xc","0x0"
"0x8F","0x0","0x0","0x0","0x0","0","0","0x0","0x0","0x0","0x0","0x0","0x0","0x0","0x0","0x0","0x0","0x0"
"0x90","0xb1","0x7","0x0","0x6d","147","19","0x0","0x0","0x0","0x0","0x0","0x0","0x0","0x0","0x0","0xc","0x0"
"0x91","0xb1","0x7","0x0","0x6d","211","19","0x0","0x0","0x0","0x0","0x0","0x0","0x0","0x0","0x0","0xc","0x0"
"0x92","0x0","0x0","0x0","0x0","0","0","0x0","0x0","0x0","0x0","0x0","0x0","0x0","0x0","0x0","0x0","0x0"
"0x93 Ruins 2","0x2","0x7","0x0","0x50","195","0","0x0","0x0","0x0","0x17","0x4","0x6c","0x0","0x0","0x0","0x0","0x0"
"0x94","0x2","0x7","0x0","0x50","193","0","0x0","0x0","0x0","0x17","0x4","0x6c","0x0","0x0","0x0","0x0","0x0"
"0x95","0x2","0x7","0x0","0x50","4","1","0x0","0x0","0x0","0x17","0x4","0x6c","0x0","0x0","0x0","0x0","0x0"
"0x96","0x2","0x7","0x0","0x50","67","0","0x0","0x0","0x0","0x17","0x4","0x6c","0x0","0x0","0x0","0x0","0x0"
"0x97","0x2","0x7","0x0","0x50","67","1","0x0","0x0","0x0","0x17","0x4","0x6c","0x0","0x0","0x0","0x0","0x0"
"0x98","0x2","0x7","0x0","0x50","2","1","0x0","0x0","0x0","0x17","0x4","0x6c","0x0","0x0","0x0","0x0","0x0"
"0x99","0x2","0x7","0x0","0x50","130","0","0x0","0x0","0x0","0x17","0x4","0x6c","0x0","0x0","0x0","0x0","0x0"
"0x9A","0x2","0x7","0x0","0x50","132","0","0x0","0x0","0x0","0x17","0x4","0x6c","0x0","0x0","0x0","0x0","0x0"
"0x9B","0x0","0x0","0x0","0x0","0","0","0x0","0x0","0x0","0x0","0x0","0x0","0x0","0x0","0x0","0x0","0x0"
"0x9C","0x5f","0x5a","0x0","0x7d","21","4","0x0","0x0","0x0","0x86","0x28","0x0","0x0","0x3","0x3","0xc","0x0"
"0x9D","0xb2","0x5a","0x0","0x75","85","0","0x0","0x0","0x0","0x29","0x28","0x0","0x0","0x0","0x3","0xc","0x0"
"0x9E","0xb9","0xc","0x0","0x75","212","80","0x0","0x0","0x0","0x0","0x0","0x0","0x0","0x0","0x3","0xc","0x0"
"0x9F","0xb9","0xc","0x0","0x75","214","80","0x0","0x0","0x0","0x0","0x0","0x0","0x0","0x0","0x3","0xc","0x0"
"0xA0","0xb9","0xc","0x0","0x75","84","81","0x0","0x0","0x0","0x0","0x0","0x0","0x0","0x0","0x3","0xc","0x0"
"0xA1","0xb9","0xc","0x0","0x75","86","81","0x0","0x0","0x0","0x0","0x0","0x0","0x0","0x0","0x3","0xc","0x0"
"0xA2","0xb9","0xc","0x0","0x75","74","84","0x0","0x0","0x0","0x0","0x0","0x0","0x0","0x0","0x3","0xc","0x0"
"0xA3","0xb9","0xc","0x0","0x75","76","84","0x0","0x0","0x0","0x0","0x0","0x0","0x0","0x0","0x3","0xc","0x0"
"0xA4","0xb9","0x3","0x0","0x75","129","82","0x0","0x0","0x0","0x0","0x0","0x0","0x0","0x0","0x3","0xc","0x0"
"0xA5","0xb9","0x3","0x0","0x75","17","84","0x0","0x0","0x0","0x0","0x0","0x0","0x0","0x0","0x3","0xc","0x0"
"0xA6","0xb9","0x5","0x0","0x75","18","84","0x0","0x0","0x0","0x0","0x0","0x0","0x0","0x0","0x3","0xc","0x0"
"0xA7","0xb9","0x5","0x0","0x75","194","82","0x0","0x0","0x0","0x0","0x0","0x0","0x0","0x0","0x3","0xc","0x0"
"0xA8","0xb9","0xc","0x0","0x75","19","80","0x0","0x0","0x0","0x0","0x0","0x0","0x0","0x0","0x3","0xc","0x0"
"0xA9","0xb9","0xc","0x0","0x75","17","80","0x0","0x0","0x0","0x0","0x0","0x0","0x0","0x0","0x3","0xc","0x0"
"0xAA","0xba","0x3","0x0","0x75","81","84","0x0","0x0","0x0","0x0","0x0","0x0","0x0","0x0","0x3","0xc","0x0"
"0xAB","0xba","0x5","0x0","0x75","16","84","0x0","0x0","0x0","0x0","0x0","0x0","0x0","0x0","0x3","0xc","0x0"
"0xAC","0xba","0xc","0x0","0x75","22","82","0x0","0x0","0x0","0x0","0x0","0x0","0x0","0x0","0x3","0xc","0x0"
"0xAD","0xba","0xc","0x0","0x75","150","82","0x0","0x0","0x0","0x0","0x0","0x0","0x0","0x0","0x3","0xc","0x0"
"0xAE","0xba","0xc","0x0","0x75","65","84","0x0","0x0","0x0","0x0","0x0","0x0","0x0","0x0","0x3","0xc","0x0"
"0xAF","0xba","0xc","0x0","0x75","66","84","0x0","0x0","0x0","0x0","0x0","0x0","0x0","0x0","0x3","0xc","0x0"
"0xB0","0xba","0xc","0x0","0x75","67","84","0x0","0x0","0x0","0x0","0x0","0x0","0x0","0x0","0x3","0xc","0x0"
"0xB1","0xba","0xc","0x0","0x75","18","80","0x0","0x0","0x0","0x0","0x0","0x0","0x0","0x0","0x3","0xc","0x0"
"0xB2","0xb6","0xc","0x0","0x75","75","84","0x0","0x0","0x0","0x0","0x0","0x0","0x0","0x0","0x3","0xc","0x0"
"0xB3","0xb6","0xc","0x0","0x75","77","84","0x0","0x0","0x0","0x0","0x0","0x0","0x0","0x0","0x3","0xc","0x0"
"0xB4","0xb6","0xc","0x0","0x75","86","82","0x0","0x0","0x0","0x0","0x0","0x0","0x0","0x0","0x3","0xc","0x0"
"0xB5","0xb6","0xc","0x0","0x75","214","82","0x0","0x0","0x0","0x0","0x0","0x0","0x0","0x0","0x3","0xc","0x0"
"0xB6","0xb6","0xc","0x0","0x75","76","81","0x0","0x0","0x0","0x0","0x0","0x0","0x0","0x0","0x3","0xc","0x0"
"0xB7","0xb6","0xc","0x0","0x75","140","81","0x0","0x0","0x0","0x0","0x0","0x0","0x0","0x0","0x3","0xc","0x0"
"0xB8","0xb6","0xc","0x0","0x75","141","81","0x0","0x0","0x0","0x0","0x0","0x0","0x0","0x0","0x3","0xc","0x0"
"0xB9","0xb2","0x8","0x0","0x75","81","82","0x0","0x0","0x0","0x0","0x0","0x0","0x0","0x0","0x3","0xc","0x0"
"0xBA","0xb2","0x8","0x0","0x75","77","81","0x0","0x0","0x0","0x0","0x0","0x0","0x0","0x0","0x3","0xc","0x0"
"0xBB","0xb2","0x8","0x0","0x75","16","82","0x0","0x0","0x0","0x0","0x0","0x0","0x0","0x0","0x3","0xc","0x0"
"0xBC","0xb2","0x8","0x0","0x75","209","81","0x0","0x0","0x0","0x0","0x0","0x0","0x0","0x0","0x3","0xc","0x0"
"0xBD","0xb2","0x8","0x0","0x75","18","82","0x0","0x0","0x0","0x0","0x0","0x0","0x0","0x0","0x3","0xc","0x0"
"0xBE","0xb2","0x8","0x0","0x75","71","20","0x0","0x0","0x0","0x0","0x0","0x0","0x0","0x0","0x3","0xc","0x0"
"0xBF","0xb2","0x8","0x0","0x75","72","20","0x0","0x0","0x0","0x0","0x0","0x0","0x0","0x0","0x3","0xc","0x0"
"0xC0","0xb2","0x8","0x0","0x75","21","17","0x0","0x0","0x0","0x0","0x0","0x0","0x0","0x0","0x3","0xc","0x0"
"0xC1","0xb2","0x8","0x0","0x75","75","80","0x0","0x0","0x0","0x0","0x0","0x0","0x0","0x0","0x0","0xc","0x0"
"0xC2","0xb2","0x8","0x0","0x75","77","80","0x0","0x0","0x0","0x0","0x0","0x0","0x0","0x0","0x0","0xc","0x0"
"0xC3","0xaf","0x5","0x0","0x75","22","19","0x0","0x0","0x0","0x0","0x0","0x0","0x0","0x0","0x3","0xc","0x0"
"0xC4","0xaf","0x5","0x0","0x75","80","84","0x0","0x0","0x0","0x0","0x0","0x0","0x0","0x0","0x3","0xc","0x0"
"0xC5","0xaf","0x5","0x0","0x75","82","84","0x0","0x0","0x0","0x0","0x0","0x0","0x0","0x0","0x3","0xc","0x0"
"0xC6","0xae","0x3","0x0","0x75","11","83","0x0","0x0","0x0","0x0","0x0","0x0","0x0","0x0","0x3","0xc","0x0"
"0xC7","0xae","0x3","0x0","0x75","204","82","0x0","0x0","0x0","0x0","0x0","0x0","0x0","0x0","0x3","0xc","0x0"
"0xC8","0xae","0x3","0x0","0x75","21","19","0x0","0x0","0x0","0x0","0x0","0x0","0x0","0x0","0x3","0xc","0x0"
"0xC9","0xae","0x3","0x0","0x75","131","82","0x0","0x0","0x0","0x0","0x0","0x0","0x0","0x0","0x0","0xc","0x0"
"0xCA","0xae","0x3","0x0","0x75","66","82","0x0","0x0","0x0","0x0","0x0","0x0","0x0","0x0","0x0","0xc","0x0"
"0xCB","0xae","0x3","0x0","0x75","139","82","0x0","0x0","0x0","0x0","0x0","0x0","0x0","0x0","0x0","0xc","0x0"
"0xCC","0xae","0x3","0x0","0x75","202","82","0x0","0x0","0x0","0x0","0x0","0x0","0x0","0x0","0x12","0xc","0x0"
"0xCD","0xbd","0x54","0x0","0x75","79","4","0x0","0x0","0x0","0x1","0x0","0x0","0x0","0x3","0x3","0xc","0x0"
"0xCE","0x0","0x0","0x0","0x0","0","0","0x0","0x0","0x0","0x0","0x0","0x0","0x0","0x0","0x0","0x0","0x0"
"0xCF","0x0","0x0","0x0","0x0","0","0","0x0","0x0","0x0","0x0","0x0","0x0","0x0","0x0","0x0","0x0","0x0"
"0xD0 Ruins 3","0x2","0x7","0x0","0x50","7","6","0x0","0x0","0x0","0x17","0x4","0x6c","0x0","0x0","0x0","0x0","0x0"
"0xD1","0x2","0x7","0x0","0x50","70","6","0x0","0x0","0x0","0x17","0x4","0x6c","0x0","0x0","0x0","0x0","0x0"
"0xD2","0x2","0x7","0x0","0x50","72","6","0x0","0x0","0x0","0x17","0x4","0x6c","0x0","0x0","0x0","0x0","0x0"
"0xD3","0x2","0x7","0x0","0x50","135","6","0x0","0x0","0x0","0x17","0x4","0x6c","0x0","0x0","0x0","0x0","0x0"
"0xD4","0x2","0x7","0x0","0x50","137","6","0x0","0x0","0x0","0x17","0x4","0x6c","0x0","0x0","0x0","0x0","0x0"
"0xD5","0x2","0x7","0x0","0x50","74","6","0x0","0x0","0x0","0x17","0x4","0x6c","0x0","0x0","0x0","0x0","0x0"
"0xD6","0x2","0x7","0x0","0x50","9","6","0x0","0x0","0x0","0x17","0x4","0x6c","0x0","0x0","0x0","0x0","0x0"
"0xD7","0x2","0x7","0x0","0x50","200","5","0x0","0x0","0x0","0x17","0x4","0x6c","0x0","0x0","0x0","0x0","0x0"
"0xD8","0x0","0x0","0x0","0x0","0","0","0x0","0x0","0x0","0x0","0x0","0x0","0x0","0x0","0x0","0x0","0x0"
"0xD9","0x5f","0x56","0x0","0x85","73","32","0x0","0x0","0x0","0x11","0x6","0x75","0x0","0x3","0x3","0xc","0x0"
"0xDA","0xaf","0x57","0x0","0x7d","136","0","0x0","0x0","0x0","0x33","0x0","0x0","0x0","0x0","0x3","0xc","0x0"
"0xDB","0xaf","0x57","0x0","0x7d","138","0","0x0","0x0","0x0","0x2e","0x0","0x0","0x0","0x0","0x3","0xc","0x0"
"0xDC","0xb9","0x61","0x0","0x7d","72","3","0x0","0x0","0x0","0xb5","0xab","0x0","0x0","0x0","0x0","0xc","0x0"
"0xDD","0xb9","0x61","0x0","0x7d","143","3","0x0","0x0","0x0","0xb5","0xab","0x0","0x0","0x0","0x0","0xc","0x0"
"0xDE","0xb9","0x61","0x0","0x7d","143","4","0x0","0x0","0x0","0xb5","0xab","0x0","0x0","0x0","0x0","0xc","0x0"
"0xDF","0xb9","0x61","0x0","0x7d","145","1","0x0","0x0","0x0","0xb5","0xab","0x0","0x0","0x0","0x0","0xc","0x0"
"0xE0","0xb9","0x61","0x0","0x7d","3","5","0x0","0x0","0x0","0xb5","0xab","0x0","0x0","0x0","0x0","0xc","0x0"
"0xE1","0xb9","0x61","0x0","0x7d","65","1","0x0","0x0","0x0","0xb5","0xab","0x0","0x0","0x0","0x0","0xc","0x0"
"0xE2","0xaf","0x5","0x0","0x7d","210","20","0x0","0x0","0x0","0x0","0x0","0x0","0x0","0x0","0x3","0xc","0x0"
"0xE3","0xae","0x3","0x0","0x7d","145","82","0x0","0x0","0x0","0x0","0x0","0x0","0x0","0x0","0x3","0xc","0x0"
"0xE4","0xaf","0x5","0x0","0x7d","210","82","0x0","0x0","0x0","0x0","0x0","0x0","0x0","0x0","0x3","0xc","0x0"
"0xE5","0xae","0x3","0x0","0x7d","72","82","0x0","0x0","0x0","0x0","0x0","0x0","0x0","0x0","0x3","0xc","0x0"
"0xE6","0xae","0x3","0x0","0x7d","73","82","0x0","0x0","0x0","0x0","0x0","0x0","0x0","0x0","0x3","0xc","0x0"
"0xE7","0xaf","0x5","0x0","0x7d","146","22","0x0","0x0","0x0","0x0","0x0","0x0","0x0","0x0","0x0","0xc","0x0"
"0xE8","0xae","0x3","0x0","0x7d","75","83","0x0","0x0","0x0","0x0","0x0","0x0","0x0","0x0","0x0","0xc","0x0"
"0xE9","0xae","0x3","0x0","0x7d","136","84","0x0","0x0","0x0","0x0","0x0","0x0","0x0","0x0","0x0","0xc","0x0"
"0xEA","0xae","0x3","0x0","0x7d","73","84","0x0","0x0","0x0","0x0","0x0","0x0","0x0","0x0","0x0","0xc","0x0"
"0xEB","0xaf","0x5","0x0","0x7d","76","83","0x0","0x0","0x0","0x0","0x0","0x0","0x0","0x0","0x0","0xc","0x0"
"0xEC","0xae","0x3","0x0","0x7d","133","83","0x0","0x0","0x0","0x0","0x0","0x0","0x0","0x0","0x0","0xc","0x0"
"0xED","0xae","0x3","0x0","0x7d","69","81","0x0","0x0","0x0","0x0","0x0","0x0","0x0","0x0","0x0","0xc","0x0"
"0xEE","0xaf","0x5","0x0","0x7d","68","81","0x0","0x0","0x0","0x0","0x0","0x0","0x0","0x0","0x0","0xc","0x0"
"0xEF","0xae","0x3","0x0","0x7d","143","85","0x0","0x0","0x0","0x0","0x0","0x0","0x0","0x0","0x0","0xc","0x0"
"0xF0","0xae","0x3","0x0","0x7d","12","82","0x0","0x0","0x0","0x0","0x0","0x0","0x0","0x0","0x0","0xc","0x0"
"0xF1","0xae","0x3","0x0","0x7d","13","82","0x0","0x0","0x0","0x0","0x0","0x0","0x0","0x0","0x0","0xc","0x0"
"0xF2","0xaf","0x5","0x0","0x7d","71","84","0x0","0x0","0x0","0x0","0x0","0x0","0x0","0x0","0x0","0xc","0x0"
"0xF3","0xae","0x3","0x0","0x7d","144","22","0x0","0x0","0x0","0x0","0x0","0x0","0x0","0x0","0x0","0xc","0x0"
"0xF4","0xae","0x3","0x0","0x7d","131","82","0x0","0x0","0x0","0x0","0x0","0x0","0x0","0x0","0x0","0xc","0x0"
"0xF5","0xaf","0x5","0x0","0x7d","130","82","0x0","0x0","0x0","0x0","0x0","0x0","0x0","0x0","0x0","0xc","0x0"
"0xF6","0xae","0x3","0x0","0x7d","68","83","0x0","0x0","0x0","0x0","0x0","0x0","0x0","0x0","0x12","0xc","0x0"
"0xF7","0xb4","0xa","0x0","0x7d","194","20","0x0","0x0","0x0","0x0","0x0","0x0","0x0","0x0","0x0","0xc","0x0"
"0xF8","0xb4","0xa","0x0","0x7d","65","20","0x0","0x0","0x0","0x0","0x0","0x0","0x0","0x0","0x0","0xc","0x0"
"0xF9","0xb4","0xa","0x0","0x7d","65","21","0x0","0x0","0x0","0x0","0x0","0x0","0x0","0x0","0x0","0xc","0x0"
"0xFA","0xb4","0xa","0x0","0x7d","0","17","0x0","0x0","0x0","0x0","0x0","0x0","0x0","0x0","0x0","0xc","0x0"
"0xFB","0xb4","0xa","0x0","0x7d","2","17","0x0","0x0","0x0","0x0","0x0","0x0","0x0","0x0","0x0","0xc","0x0"
"0xFC","0xb4","0xa","0x0","0x7d","193","16","0x0","0x0","0x0","0x0","0x0","0x0","0x0","0x0","0x0","0xc","0x0"
"0xFD","0xb4","0xa","0x0","0x7d","65","16","0x0","0x0","0x0","0x0","0x0","0x0","0x0","0x0","0x0","0xc","0x0"
"0xFE","0xb4","0xa","0x0","0x7d","144","16","0x0","0x0","0x0","0x0","0x0","0x0","0x0","0x0","0x0","0xc","0x0"
"0xFF","0xb4","0xa","0x0","0x7d","146","16","0x0","0x0","0x0","0x0","0x0","0x0","0x0","0x0","0x0","0xc","0x0"
"0x100","0xb4","0xa","0x0","0x7d","18","17","0x0","0x0","0x0","0x0","0x0","0x0","0x0","0x0","0x0","0xc","0x0"
"0x01","0xb4","0xa","0x0","0x7d","16","17","0x0","0x0","0x0","0x0","0x0","0x0","0x0","0x0","0x0","0xc","0x0"
"0x02","0xb4","0xa","0x0","0x7d","8","17","0x0","0x0","0x0","0x0","0x0","0x0","0x0","0x0","0x0","0xc","0x0"
"0x03","0xb4","0xa","0x0","0x7d","9","17","0x0","0x0","0x0","0x0","0x0","0x0","0x0","0x0","0x0","0xc","0x0"
"0x04","0xb4","0xa","0x0","0x7d","192","20","0x0","0x0","0x0","0x0","0x0","0x0","0x0","0x0","0x0","0xc","0x0"
"0x05","0xae","0x56","0x0","0x85","81","32","0x0","0x0","0x0","0x1c","0x3","0x69","0x0","0x3","0x3","0xc","0x20"
"0x06","0x0","0x0","0x0","0x0","0","0","0x0","0x0","0x0","0x0","0x0","0x0","0x0","0x0","0x0","0x0","0x0"
"0x07","0x0","0x0","0x0","0x0","0","0","0x0","0x0","0x0","0x0","0x0","0x0","0x0","0x0","0x0","0x0","0x0"
"0x08","0xae","0x3","0x0","0x7d","13","17","0x0","0x0","0x0","0x0","0x0","0x0","0x0","0x0","0x0","0xc","0x0"
"0x09","0x0","0x0","0x0","0x0","0","0","0x0","0x0","0x0","0x0","0x0","0x0","0x0","0x0","0x0","0x0","0x0"
"0x0A","0xae","0x3","0x0","0x7d","4","16","0x0","0x0","0x0","0x0","0x0","0x0","0x0","0x0","0x0","0xc","0x0"
"0x0B","0xaf","0x5","0x0","0x7d","5","16","0x0","0x0","0x0","0x0","0x0","0x0","0x0","0x0","0x0","0xc","0x0"
"0x0C","0x0","0x0","0x0","0x0","0","0","0x0","0x0","0x0","0x0","0x0","0x0","0x0","0x0","0x0","0x0","0x0"
"0x0D","0xae","0x56","0x0","0x7d","128","3","0x0","0x0","0x0","0x6","0x6a","0x0","0x0","0x6","0x5","0xc","0x0"
"0x0E","0x0","0x0","0x0","0x0","0","0","0x0","0x0","0x0","0x0","0x0","0x0","0x0","0x0","0x0","0x0","0x0"
"0x0F","0xae","0x56","0x0","0x7d","128","6","0x0","0x0","0x0","0x6","0x6a","0x0","0x0","0x6","0x5","0xc","0x0"
"0x10","0x0","0x0","0x0","0x0","0","0","0x0","0x0","0x0","0x0","0x0","0x0","0x0","0x0","0x0","0x0","0x0"
"0x11","0xae","0x56","0x0","0x7d","211","4","0x0","0x0","0x0","0x16","0x6a","0x0","0x0","0x6","0x5","0xc","0x0"
"0x12","0x0","0x0","0x0","0x0","0","0","0x0","0x0","0x0","0x0","0x0","0x0","0x0","0x0","0x0","0x0","0x0"
"0x13","0x0","0x0","0x0","0x0","0","0","0x0","0x0","0x0","0x0","0x0","0x0","0x0","0x0","0x0","0x0","0x0"
"0x114 Ruins 4","0x2","0x7","0x0","0x50","128","0","0x0","0x0","0x0","0x17","0x4","0x6c","0x0","0x0","0x0","0x0","0x0"
"0x15","0x2","0x7","0x0","0x50","130","0","0x0","0x0","0x0","0x17","0x4","0x6c","0x0","0x0","0x0","0x0","0x0"
"0x16","0x2","0x7","0x0","0x50","67","1","0x0","0x0","0x0","0x17","0x4","0x6c","0x0","0x0","0x0","0x0","0x0"
"0x17","0x2","0x7","0x0","0x50","65","1","0x0","0x0","0x0","0x17","0x4","0x6c","0x0","0x0","0x0","0x0","0x0"
"0x18","0x2","0x7","0x0","0x50","2","1","0x0","0x0","0x0","0x17","0x4","0x6c","0x0","0x0","0x0","0x0","0x0"
"0x19","0x2","0x7","0x0","0x50","0","1","0x0","0x0","0x0","0x17","0x4","0x6c","0x0","0x0","0x0","0x0","0x0"
"0x1A","0x2","0x7","0x0","0x50","195","0","0x0","0x0","0x0","0x17","0x4","0x6c","0x0","0x0","0x0","0x0","0x0"
"0x1B","0x2","0x7","0x0","0x50","193","0","0x0","0x0","0x0","0x17","0x4","0x6c","0x0","0x0","0x0","0x0","0x0"
"0x1C","0x2","0x7","0x0","0x50","65","0","0x0","0x0","0x0","0x17","0x4","0x6c","0x0","0x0","0x0","0x0","0x0"
"0x1D","0x2","0x7","0x0","0x50","67","0","0x0","0x0","0x0","0x17","0x4","0x6c","0x0","0x0","0x0","0x0","0x0"
"0x1E","0x0","0x0","0x0","0x0","0","0","0x0","0x0","0x0","0x0","0x0","0x0","0x0","0x0","0x0","0x0","0x0"
"0x1F","0x5f","0x5c","0x0","0x8d","19","6","0x0","0x0","0x0","0xb2","0x0","0x0","0x0","0x0","0x3","0xc","0x0"
"0x20","0xb4","0xa","0x0","0x85","84","22","0x0","0x0","0x0","0x0","0x0","0x0","0x0","0x0","0x3","0xc","0x0"
"0x21","0xb4","0xa","0x0","0x85","82","22","0x0","0x0","0x0","0x0","0x0","0x0","0x0","0x0","0x3","0xc","0x0"
"0x22","0xaf","0x5","0x0","0x85","141","83","0x0","0x0","0x0","0x0","0x0","0x0","0x0","0x0","0x3","0xc","0x0"
"0x23","0xaf","0x5","0x0","0x85","200","83","0x0","0x0","0x0","0x0","0x0","0x0","0x0","0x0","0x3","0xc","0x0"
"0x24","0xaf","0x5","0x0","0x85","1","83","0x0","0x0","0x0","0x0","0x0","0x0","0x0","0x0","0x3","0xc","0x0"
"0x25","0xaf","0x5","0x0","0x85","13","82","0x0","0x0","0x0","0x0","0x0","0x0","0x0","0x0","0x3","0xc","0x0"
"0x26","0xaf","0x5","0x0","0x85","75","80","0x0","0x0","0x0","0x0","0x0","0x0","0x0","0x0","0x3","0xc","0x0"
"0x27","0xaf","0x5","0x0","0x85","82","83","0x0","0x0","0x0","0x0","0x0","0x0","0x0","0x0","0x3","0xc","0x0"
"0x28","0xaf","0x5","0x0","0x85","147","83","0x0","0x0","0x0","0x0","0x0","0x0","0x0","0x0","0x3","0xc","0x0"
"0x29","0xaf","0x5","0x0","0x85","206","84","0x0","0x0","0x0","0x0","0x0","0x0","0x0","0x0","0x3","0xc","0x0"
"0x2A","0xaf","0x5","0x0","0x85","136","84","0x0","0x0","0x0","0x0","0x0","0x0","0x0","0x0","0x3","0xc","0x0"
"0x2B","0xb6","0xc","0x0","0x85","134","84","0x0","0x0","0x0","0x0","0x0","0x0","0x0","0x0","0x3","0xc","0x0"
"0x2C","0xb6","0xc","0x0","0x85","197","82","0x0","0x0","0x0","0x0","0x0","0x0","0x0","0x0","0x3","0xc","0x0"
"0x2D","0xb6","0xc","0x0","0x85","200","85","0x0","0x0","0x0","0x0","0x0","0x0","0x0","0x0","0x3","0xc","0x0"
"0x2E","0xb6","0xc","0x0","0x85","2","85","0x0","0x0","0x0","0x0","0x0","0x0","0x0","0x0","0x3","0xc","0x0"
"0x2F","0xb6","0xc","0x0","0x85","3","83","0x0","0x0","0x0","0x0","0x0","0x0","0x0","0x0","0x3","0xc","0x0"
"0x30","0xb6","0xc","0x0","0x85","199","82","0x0","0x0","0x0","0x0","0x0","0x0","0x0","0x0","0x3","0xc","0x0"
"0x31","0xb6","0xc","0x0","0x85","17","83","0x0","0x0","0x0","0x0","0x0","0x0","0x0","0x0","0x3","0xc","0x0"
"0x32","0xb6","0xc","0x0","0x85","72","80","0x0","0x0","0x0","0x0","0x0","0x0","0x0","0x0","0x3","0xc","0x0"
"0x33","0xb6","0xc","0x0","0x85","18","81","0x0","0x0","0x0","0x0","0x0","0x0","0x0","0x0","0x3","0xc","0x0"
"0x34","0xb6","0xc","0x0","0x85","136","86","0x0","0x0","0x0","0x0","0x0","0x0","0x0","0x0","0x3","0xc","0x0"
"0x35","0xb6","0xc","0x0","0x85","201","86","0x0","0x0","0x0","0x0","0x0","0x0","0x0","0x0","0x3","0xc","0x0"
"0x36","0xb9","0x17","0x0","0x85","145","84","0x0","0x0","0x0","0x0","0x0","0x0","0x0","0x0","0x3","0xc","0x0"
"0x37","0xb9","0x17","0x0","0x85","140","85","0x0","0x0","0x0","0x0","0x0","0x0","0x0","0x0","0x3","0xc","0x0"
"0x38","0xb9","0x17","0x0","0x85","10","82","0x0","0x0","0x0","0x0","0x0","0x0","0x0","0x0","0x3","0xc","0x0"
"0x39","0xb9","0x17","0x0","0x85","71","81","0x0","0x0","0x0","0x0","0x0","0x0","0x0","0x0","0x3","0xc","0x0"
"0x3A","0xb9","0x17","0x0","0x85","19","82","0x0","0x0","0x0","0x0","0x0","0x0","0x0","0x0","0x3","0xc","0x0"
"0x3B","0xb9","0x17","0x0","0x85","65","86","0x0","0x0","0x0","0x0","0x0","0x0","0x0","0x0","0x3","0xc","0x0"
"0x3C","0xb9","0x17","0x0","0x85","194","83","0x0","0x0","0x0","0x0","0x0","0x0","0x0","0x0","0x3","0xc","0x0"
"0x3D","0xb9","0x17","0x0","0x85","142","83","0x0","0x0","0x0","0x0","0x0","0x0","0x0","0x0","0x3","0xc","0x0"
"0x3E","0xaf","0x57","0x0","0x85","130","4","0x0","0x0","0x0","0x34","0x0","0x0","0x0","0x0","0x3","0xc","0x0"
"0x3F","0xaf","0x57","0x0","0x85","14","1","0x0","0x0","0x0","0x34","0x0","0x0","0x0","0x0","0x3","0xc","0x0"
"0x40","0xaf","0x57","0x0","0x85","138","3","0x0","0x0","0x0","0x33","0x0","0x0","0x0","0x0","0x3","0xc","0x0"
"0x41","0xaf","0x57","0x0","0x85","205","5","0x0","0x0","0x0","0x34","0x0","0x0","0x0","0x0","0x3","0xc","0x0"
"0x42","0xaf","0x57","0x0","0x85","13","3","0x0","0x0","0x0","0x34","0x0","0x0","0x0","0x0","0x3","0xc","0x0"
"0x43","0x0","0x0","0x0","0x0","0","0","0x0","0x0","0x0","0x0","0x0","0x0","0x0","0x0","0x0","0x0","0x0"
"0x44","0x0","0x0","0x0","0x0","0","0","0x0","0x0","0x0","0x0","0x0","0x0","0x0","0x0","0x0","0x0","0x0"
"0x45","0x64","0xd","0x0","0xa5","144","3","0x0","0x0","0x0","0x1","0x6b","0x0","0x0","0x6","0x5","0x9","0x0"
"0x46","0x0","0x0","0x0","0x0","0","0","0x0","0x0","0x0","0x0","0x0","0x0","0x0","0x0","0x0","0x0","0x0"
"0x47","0x64","0xd","0x0","0xa5","211","6","0x0","0x0","0x0","0x1","0x6b","0x0","0x0","0x6","0x5","0x9","0x0"
"0x48","0x0","0x0","0x0","0x0","0","0","0x0","0x0","0x0","0x0","0x0","0x0","0x0","0x0","0x0","0x0","0x0"
"0x149 Ruins 5","0x2","0x7","0x0","0x50","64","5","0x0","0x0","0x0","0x17","0x4","0x6c","0x0","0x0","0x0","0x0","0x0"
"0x4A","0x2","0x7","0x0","0x50","66","5","0x0","0x0","0x0","0x17","0x4","0x6c","0x0","0x0","0x0","0x0","0x0"
"0x4B","0x2","0x7","0x0","0x50","128","5","0x0","0x0","0x0","0x17","0x4","0x6c","0x0","0x0","0x0","0x0","0x0"
"0x4C","0x2","0x7","0x0","0x50","130","5","0x0","0x0","0x0","0x17","0x4","0x6c","0x0","0x0","0x0","0x0","0x0"
"0x4D","0x2","0x7","0x0","0x50","67","5","0x0","0x0","0x0","0x17","0x4","0x6c","0x0","0x0","0x0","0x0","0x0"
"0x4E","0x2","0x7","0x0","0x50","65","5","0x0","0x0","0x0","0x17","0x4","0x6c","0x0","0x0","0x0","0x0","0x0"
"0x4F","0x2","0x7","0x0","0x50","2","5","0x0","0x0","0x0","0x17","0x4","0x6c","0x0","0x0","0x0","0x0","0x0"
"0x50","0x2","0x7","0x0","0x50","0","5","0x0","0x0","0x0","0x17","0x4","0x6c","0x0","0x0","0x0","0x0","0x0"
"0x51","0x2","0x7","0x0","0x50","193","5","0x0","0x0","0x0","0x17","0x4","0x6c","0x0","0x0","0x0","0x0","0x0"
"0x52","0x0","0x0","0x0","0x0","0","0","0x0","0x0","0x0","0x0","0x0","0x0","0x0","0x0","0x0","0x0","0x0"
"0x53","0x5f","0x5e","0x0","0x95","146","32","0x0","0x0","0x0","0x86","0x2e","0x74","0x0","0x3","0x3","0xc","0x0"
"0x54","0xb6","0x5e","0x0","0x8d","81","0","0x0","0x0","0x0","0x34","0x0","0x0","0x0","0x0","0x3","0xc","0x0"
"0x55","0xb6","0x5e","0x0","0x8d","211","0","0x0","0x0","0x0","0x29","0x28","0x0","0x0","0x0","0x3","0xc","0x0"
"0x56","0xb2","0x8","0x0","0x8d","196","16","0x0","0x0","0x0","0x0","0x0","0x0","0x0","0x3","0x3","0xc","0x0"
"0x57","0xb2","0x8","0x0","0x8d","145","17","0x0","0x0","0x0","0x0","0x0","0x0","0x0","0x3","0x3","0xc","0x0"
"0x58","0xb2","0x8","0x0","0x8d","79","21","0x0","0x0","0x0","0x0","0x0","0x0","0x0","0x3","0x3","0xc","0x0"
"0x59","0xb2","0x8","0x0","0x8d","141","17","0x0","0x0","0x0","0x0","0x0","0x0","0x0","0x3","0x3","0xc","0x0"
"0x5A","0xb2","0x8","0x0","0x8d","140","18","0x0","0x0","0x0","0x0","0x0","0x0","0x0","0x3","0x3","0xc","0x0"
"0x5B","0xb2","0x8","0x0","0x8d","73","19","0x0","0x0","0x0","0x0","0x0","0x0","0x0","0x3","0x3","0xc","0x0"
"0x5C","0xb6","0xc","0x0","0x8d","193","18","0x0","0x0","0x0","0x0","0x0","0x0","0x0","0x0","0x0","0xc","0x0"
"0x5D","0xb6","0xc","0x0","0x8d","82","21","0x0","0x0","0x0","0x0","0x0","0x0","0x0","0x0","0x0","0xc","0x0"
"0x5E","0xb6","0xc","0x0","0x8d","139","17","0x0","0x0","0x0","0x0","0x0","0x0","0x0","0x0","0x0","0xc","0x0"
"0x5F","0xb6","0xc","0x0","0x8d","8","18","0x0","0x0","0x0","0x0","0x0","0x0","0x0","0x0","0x0","0xc","0x0"
"0x60","0xb6","0xc","0x0","0x8d","138","19","0x0","0x0","0x0","0x0","0x0","0x0","0x0","0x0","0x0","0xc","0x0"
"0x61","0xb6","0xc","0x0","0x8d","147","17","0x0","0x0","0x0","0x0","0x0","0x0","0x0","0x0","0x0","0xc","0x0"
"0x62","0xb6","0xc","0x0","0x8d","209","19","0x0","0x0","0x0","0x0","0x0","0x0","0x0","0x0","0x12","0xc","0x0"
"0x63","0xb6","0xc","0x0","0x8d","73","16","0x0","0x0","0x0","0x0","0x0","0x0","0x0","0x0","0x12","0xc","0x0"
"0x64","0xb6","0xc","0x0","0x8d","2","17","0x0","0x0","0x0","0x0","0x0","0x0","0x0","0x0","0x12","0xc","0x0"
"0x65","0xb6","0xc","0x0","0x8d","7","19","0x0","0x0","0x0","0x0","0x0","0x0","0x0","0x0","0x3","0xc","0x0"
"0x66","0xb6","0xc","0x0","0x8d","69","18","0x0","0x0","0x0","0x0","0x0","0x0","0x0","0x0","0x3","0xc","0x0"
"0x67","0xb6","0xc","0x0","0x8d","141","20","0x0","0x0","0x0","0x0","0x0","0x0","0x0","0x0","0x3","0xc","0x0"
"0x68","0xb6","0xc","0x0","0x8d","209","20","0x0","0x0","0x0","0x0","0x0","0x0","0x0","0x0","0x3","0xc","0x0"
"0x69","0xb6","0xc","0x0","0x8d","81","19","0x0","0x0","0x0","0x0","0x0","0x0","0x0","0x0","0x3","0xc","0x0"
"0x6A","0xb6","0xc","0x0","0x8d","81","18","0x0","0x0","0x0","0x0","0x0","0x0","0x0","0x0","0x3","0xc","0x0"
"0x6B","0xb6","0xc","0x0","0x8d","75","17","0x0","0x0","0x0","0x0","0x0","0x0","0x0","0x0","0x3","0xc","0x0"
"0x6C","0xb6","0xc","0x0","0x8d","1","18","0x0","0x0","0x0","0x0","0x0","0x0","0x0","0x0","0x3","0xc","0x0"
"0x6D","0xb6","0xc","0x0","0x8d","209","21","0x0","0x0","0x0","0x0","0x0","0x0","0x0","0x0","0x3","0xc","0x0"
"0x6E","0xb6","0xc","0x0","0x8d","140","16","0x0","0x0","0x0","0x0","0x0","0x0","0x0","0x0","0x3","0xc","0x0"
"0x6F","0xb6","0xc","0x0","0x8d","204","19","0x0","0x0","0x0","0x0","0x0","0x0","0x0","0x0","0x3","0xc","0x0"
"0x70","0xb6","0xc","0x0","0x8d","74","20","0x0","0x0","0x0","0x0","0x0","0x0","0x0","0x0","0x3","0xc","0x0"
"0x71","0xb6","0xc","0x0","0x8d","75","16","0x0","0x0","0x0","0x0","0x0","0x0","0x0","0x0","0x3","0xc","0x0"
"0x72","0x0","0x0","0x0","0x0","0","0","0x0","0x0","0x0","0x0","0x0","0x0","0x0","0x0","0x0","0x0","0x0"
"0x73","0x0","0x0","0x0","0x0","0","0","0x0","0x0","0x0","0x0","0x0","0x0","0x0","0x0","0x0","0x0","0x0"
"0x74","0x64","0xd","0x0","0xa5","0","33","0x0","0x0","0x0","0x1","0x6b","0x0","0x0","0x6","0x5","0x9","0x0"
"0x75","0x0","0x0","0x0","0x0","0","0","0x0","0x0","0x0","0x0","0x0","0x0","0x0","0x0","0x0","0x0","0x0"
"0x76","0x64","0xd","0x0","0xa5","71","5","0x0","0x0","0x0","0x1","0x6b","0x0","0x0","0x6","0x5","0x9","0x0"
"0x77","0x0","0x0","0x0","0x0","0","0","0x0","0x0","0x0","0x0","0x0","0x0","0x0","0x0","0x0","0x0","0x0"
"0x78","0x64","0xd","0x0","0xa5","206","3","0x0","0x0","0x0","0x1","0x6b","0x0","0x0","0x6","0x5","0x9","0x0"
"0x79","0x0","0x0","0x0","0x0","0","0","0x0","0x0","0x0","0x0","0x0","0x0","0x0","0x0","0x0","0x0","0x0"
"0x17A Ruins 6","0x2","0x7","0x0","0x50","139","5","0x0","0x0","0x0","0x17","0x4","0x6c","0x0","0x0","0x0","0x0","0x0"
"0x7B","0x2","0x7","0x0","0x50","74","5","0x0","0x0","0x0","0x17","0x4","0x6c","0x0","0x0","0x0","0x0","0x0"
"0x7C","0x2","0x7","0x0","0x50","76","5","0x0","0x0","0x0","0x17","0x4","0x6c","0x0","0x0","0x0","0x0","0x0"
"0x7D","0x2","0x7","0x0","0x50","141","6","0x0","0x0","0x0","0x17","0x4","0x6c","0x0","0x0","0x0","0x0","0x0"
"0x7E","0x2","0x7","0x0","0x50","72","6","0x0","0x0","0x0","0x17","0x4","0x6c","0x0","0x0","0x0","0x0","0x0"
"0x7F","0x2","0x7","0x0","0x50","76","6","0x0","0x0","0x0","0x17","0x4","0x6c","0x0","0x0","0x0","0x0","0x0"
"0x80","0x2","0x7","0x0","0x50","11","5","0x0","0x0","0x0","0x17","0x4","0x6c","0x0","0x0","0x0","0x0","0x0"
"0x81","0x2","0x7","0x0","0x50","137","6","0x0","0x0","0x0","0x17","0x4","0x6c","0x0","0x0","0x0","0x0","0x0"
"0x82","0x2","0x7","0x0","0x50","135","6","0x0","0x0","0x0","0x17","0x4","0x6c","0x0","0x0","0x0","0x0","0x0"
"0x83","0x2","0x7","0x0","0x50","139","6","0x0","0x0","0x0","0x17","0x4","0x6c","0x0","0x0","0x0","0x0","0x0"
"0x84","0x0","0x0","0x0","0x0","0","0","0x0","0x0","0x0","0x0","0x0","0x0","0x0","0x0","0x0","0x0","0x0"
"0x85","0x5f","0x59","0x0","0x9d","146","0","0x0","0x0","0x0","0xb0","0x0","0x0","0x0","0x3","0x3","0xc","0x0"
"0x86","0xb1","0x59","0x0","0x95","81","0","0x0","0x0","0x0","0x8b","0x0","0x0","0x0","0x0","0x3","0xc","0x0"
"0x87","0xb1","0x59","0x0","0x95","211","0","0x0","0x0","0x0","0x8b","0x0","0x0","0x0","0x0","0x3","0xc","0x0"
"0x88","0xb8","0x60","0x0","0x95","131","66","0x0","0x0","0x0","0xac","0xb4","0x0","0x0","0x0","0x3","0xc","0x0"
"0x89","0xb9","0x61","0x0","0x95","129","65","0x0","0x0","0x0","0xb5","0x0","0x0","0x0","0x0","0x3","0xc","0x0"
"0x8A","0xb9","0x61","0x0","0x95","193","3","0x0","0x0","0x0","0xb5","0x0","0x0","0x0","0x0","0x3","0xc","0x0"
"0x8B","0xb2","0x5a","0x0","0x95","131","96","0x0","0x0","0x0","0x29","0x6a","0x0","0x0","0x0","0x3","0xc","0x20"
"0x8C","0xaf","0x57","0x0","0x95","143","33","0x0","0x0","0x0","0x34","0x6a","0x0","0x0","0x3","0x3","0xc","0x0"
"0x8D","0xaf","0x57","0x0","0x95","71","1","0x0","0x0","0x0","0x34","0x0","0x0","0x0","0x3","0x3","0xc","0x0"
"0x8E","0xaf","0x57","0x0","0x95","81","2","0x0","0x0","0x0","0x33","0x0","0x0","0x0","0x3","0x3","0xc","0x0"
"0x8F","0xb1","0x59","0x0","0x8d","203","67","0x0","0x0","0x0","0x8b","0x0","0x0","0x0","0x0","0x3","0xc","0x0"
"0x90","0xb1","0x7","0x0","0x95","146","86","0x0","0x0","0x0","0x0","0x0","0x0","0x0","0x0","0x0","0xc","0x0"
"0x91","0xae","0x3","0x0","0x95","18","84","0x0","0x0","0x0","0x0","0x0","0x0","0x0","0x0","0x3","0xc","0x0"
"0x92","0xaf","0x5","0x0","0x95","19","85","0x0","0x0","0x0","0x0","0x0","0x0","0x0","0x0","0x3","0xc","0x0"
"0x93","0xaf","0x5","0x0","0x95","19","82","0x0","0x0","0x0","0x0","0x0","0x0","0x0","0x0","0x3","0xc","0x0"
"0x94","0xaf","0x5","0x0","0x95","72","16","0x0","0x0","0x0","0x0","0x0","0x0","0x0","0x0","0x3","0xc","0x0"
"0x95","0xae","0x3","0x0","0x95","74","16","0x0","0x0","0x0","0x0","0x0","0x0","0x0","0x0","0x3","0xc","0x0"
"0x96","0xae","0x3","0x0","0x95","76","16","0x0","0x0","0x0","0x0","0x0","0x0","0x0","0x0","0x3","0xc","0x0"
"0x97","0xaf","0x5","0x0","0x95","194","18","0x0","0x0","0x0","0x0","0x0","0x0","0x0","0x0","0x3","0xc","0x0"
"0x98","0xae","0x3","0x0","0x95","2","17","0x0","0x0","0x0","0x0","0x0","0x0","0x0","0x0","0x3","0xc","0x0"
"0x99","0xae","0x3","0x0","0x95","66","20","0x0","0x0","0x0","0x0","0x0","0x0","0x0","0x0","0x3","0xc","0x0"
"0x9A","0xae","0x3","0x0","0x95","1","21","0x0","0x0","0x0","0x0","0x0","0x0","0x0","0x0","0x3","0xc","0x0"
"0x9B","0xae","0x3","0x0","0x95","207","85","0x0","0x0","0x0","0x0","0x0","0x0","0x0","0x0","0x0","0xc","0x0"
"0x9C","0xae","0x3","0x0","0x95","137","16","0x0","0x0","0x0","0x0","0x0","0x0","0x0","0x0","0x0","0xc","0x0"
"0x9D","0xae","0x3","0x0","0x95","141","16","0x0","0x0","0x0","0x0","0x0","0x0","0x0","0x0","0x0","0xc","0x0"
"0x9E","0xae","0x3","0x0","0x95","65","22","0x0","0x0","0x0","0x0","0x0","0x0","0x0","0x0","0x0","0xc","0x0"
"0x9F","0xb1","0x59","0x0","0x8d","12","67","0x0","0x0","0x0","0x8b","0x0","0x0","0x0","0x0","0x3","0xc","0x0"
"0xA0","0xb1","0x59","0x0","0x8d","10","67","0x0","0x0","0x0","0xaf","0x0","0x0","0x0","0x0","0x3","0xc","0x0"
"0xA1","0xb1","0x59","0x0","0x8d","14","68","0x0","0x0","0x0","0x8b","0x0","0x0","0x0","0x0","0x3","0xc","0x0"
"0xA2","0xb1","0x59","0x0","0x8d","8","68","0x0","0x0","0x0","0x8b","0x0","0x0","0x0","0x0","0x3","0xc","0x0"
"0xA3","0xb1","0x59","0x0","0x8d","135","66","0x0","0x0","0x0","0x8b","0x0","0x0","0x0","0x0","0x12","0xc","0x0"
"0xA4","0xb1","0x59","0x0","0x8d","143","66","0x0","0x0","0x0","0x8b","0x0","0x0","0x0","0x0","0x12","0xc","0x0"
"0xA5","0xb1","0x59","0x0","0x8d","10","2","0x0","0x0","0x0","0x8b","0x0","0x0","0x0","0x0","0x3","0xc","0x0"
"0xA6","0xb1","0x59","0x0","0x8d","12","2","0x0","0x0","0x0","0xaf","0x0","0x0","0x0","0x0","0x3","0xc","0x0"
"0xA7","0xb1","0x59","0x0","0x95","10","1","0x0","0x0","0x0","0xb0","0x0","0x0","0x0","0x3","0x3","0xc","0x0"
"0xA8","0xb1","0x59","0x0","0x95","12","1","0x0","0x0","0x0","0xb0","0x0","0x0","0x0","0x3","0x3","0xc","0x0"
"0xA9","0xaf","0x5","0x0","0x95","78","16","0x0","0x0","0x0","0x0","0x0","0x0","0x0","0x0","0x3","0xc","0x0"
"0xAA","0xae","0x3","0x0","0x95","19","83","0x0","0x0","0x0","0x0","0x0","0x0","0x0","0x0","0x0","0xc","0x0"
"0xAB","0xae","0x3","0x0","0x95","211","21","0x0","0x0","0x0","0x0","0x0","0x0","0x0","0x0","0x3","0xc","0x0"
"0xAC","0xae","0x3","0x0","0x95","146","81","0x0","0x0","0x0","0x0","0x0","0x0","0x0","0x0","0x3","0xc","0x0"
"0xAD","0xb9","0x61","0x0","0x95","147","3","0x0","0x0","0x0","0xb5","0x0","0x0","0x0","0x0","0x3","0xc","0x0"
"0xAE","0xaf","0x5","0x0","0x95","209","19","0x0","0x0","0x0","0x0","0x0","0x0","0x0","0x0","0x3","0xc","0x0"
"0xAF","0x0","0x0","0x0","0x0","0","0","0x0","0x0","0x0","0x0","0x0","0x0","0x0","0x0","0x0","0x0","0x0"
"0xB0","0x0","0x0","0x0","0x0","0","0","0x0","0x0","0x0","0x0","0x0","0x0","0x0","0x0","0x0","0x0","0x0"
"0xB1","0xae","0x3","0x0","0x8d","138","80","0x0","0x0","0x0","0x0","0x0","0x0","0x0","0x0","0x0","0xc","0x0"
"0xB2","0xaf","0x5","0x0","0x8d","140","80","0x0","0x0","0x0","0x0","0x0","0x0","0x0","0x0","0x0","0xc","0x0"
"0xB3","0x0","0x0","0x0","0x0","0","0","0x0","0x0","0x0","0x0","0x0","0x0","0x0","0x0","0x0","0x0","0x0"
"0xB4","0xb8","0x11","0x0","0x8d","138","16","0x0","0x0","0x0","0x0","0x0","0x0","0x0","0x0","0x0","0xc","0x0"
"0xB5","0xb8","0x11","0x0","0x8d","140","16","0x0","0x0","0x0","0x0","0x0","0x0","0x0","0x0","0x0","0xc","0x0"
"0xB6","0x0","0x0","0x0","0x0","0","0","0x0","0x0","0x0","0x0","0x0","0x0","0x0","0x0","0x0","0x0","0x0"
"0xB7","0xb1","0x7","0x0","0x8d","138","16","0x0","0x0","0x0","0x0","0x0","0x0","0x0","0x0","0x0","0xc","0x0"
"0xB8","0xb1","0x7","0x0","0x8d","140","16","0x0","0x0","0x0","0x0","0x0","0x0","0x0","0x0","0x0","0xc","0x0"
"0xB9","0x0","0x0","0x0","0x0","0","0","0x0","0x0","0x0","0x0","0x0","0x0","0x0","0x0","0x0","0x0","0x0"
"0xBA","0xb8","0x11","0x0","0x8d","138","16","0x0","0x0","0x0","0x0","0x0","0x0","0x0","0x0","0x0","0xc","0x0"
"0xBB","0xb8","0x11","0x0","0x8d","140","16","0x0","0x0","0x0","0x0","0x0","0x0","0x0","0x0","0x0","0xc","0x0"
"0xBC","0x0","0x0","0x0","0x0","0","0","0x0","0x0","0x0","0x0","0x0","0x0","0x0","0x0","0x0","0x0","0x0"
