,Name,Description,Use Description,Item Number,Weapon Type,Attributes,Stat Bonuses Pointer,Effectiveness Pointer,Durability,Might,Hit,Weight,Crit,Range (Min-Max),Cost Per Use,Weapon Rank,Item Icon Index,Staff/Use Effect,Item Usability Pointer,Item Prep Screen Usability Pointer,Item Effect Pointer,Item Target Pointer,PoisonApplied,Weapon Effect,Weapon Experience,Weapon Lock Pointer,,,,ItemTableUnknown33
0x00 Nothing,0x0,0x0,0x0,0x0,0x0,0x0,0x0,0x0,0,0,0,0,0,0x0,0,0,0x0,0x0,,,,,0,0,0,0,,,,0x0
IronSword,0x354,0x404,0x0,IronSword,0x0,0x1,0x0,0x0,46,5,90,5,0,0x11,10,1,0x0,0x0,,,,,0,0,2,0,,,,0x0
SlimSword,0x355,0x405,0x0,SlimSword,0x0,0x1,0x0,0x0,30,3,100,2,5,0x11,16,1,0x1,0x0,,,,,0,0,2,0,,,,0x0
SteelSword,0x356,0x406,0x0,SteelSword,0x0,0x1,0x0,0x0,30,8,75,10,0,0x11,20,31,0x2,0x0,,,,,0,0,2,0,,,,0x0
SilverSword,0x357,0x407,0x0,SilverSword,0x0,0x1,0x0,0x0,20,13,80,8,0,0x11,75,181,0x3,0x0,,,,,0,0,2,0,,,,0x0
IronBlade,0x358,0x408,0x0,IronBlade,0x0,0x1,0x0,0x0,35,9,70,12,0,0x11,28,31,0x4,0x0,,,,,0,0,4,0,,,,0x0
SteelBlade,0x359,0x409,0x0,SteelBlade,0x0,0x1,0x0,0x0,25,11,65,14,0,0x11,50,71,0x5,0x0,,,,,0,0,4,0,,,,0x0
SilverBlade,0x35a,0x40a,0x0,SilverBlade,0x0,0x1,0x0,0x0,15,14,60,13,0,0x11,120,181,0x6,0x0,,,,,0,0,4,0,,,,0x0
PoisonSword,0x35b,Applies3PoisonText,0x0,PoisonSword,0x0,0x1,0x0,0x0,40,5,90,6,0,0x11,16,31,0x7,0x0,,,,,3,1,2,0,,,,0x0
Rapier,0x35c,0x40c,0x0,Rapier,0x0,0x40011,0x0,ArmorHorseEffectiveness|IsPointer|IsPointer,40,7,95,5,10,0x11,150,0,0x8,0x0,,,,,0,0,4,0,,,,0x0
0x0A Mani Katti (DUMMY),0x403,0x403,0x0,0xa,0x0,0x40011,0x0,0x0,60,11,80,9,5,0x12,0,0,0x9,0x0,,,,,0,0,2,0,,,,0x0
BraveSword,0x35d,0x40d,0x0,BraveSword,0x0,0x21,0x0,0x0,30,9,75,12,0,0x11,250,121,0xa,0x0,,,,,0,0,2,0,,,,0x0
Shamshir,0x35e,0x40e,0x0,Shamshir,0x0,0x1001,0x0,0x0,20,8,75,5,35,0x11,60,31,0xb2,0x0,,,,,0,0,2,0,,,,0x0
KillingEdge,0x35f,0x40f,0x0,KillingEdge,0x0,0x1,0x0,0x0,20,9,75,7,30,0x11,65,71,0xc,0x0,,,,,0,0,2,0,,,,0x0
Armorslayer,0x360,0x410,0x0,Armorslayer,0x0,0x1,0x0,ArmorEffectiveness|IsPointer,18,8,80,11,0,0x11,70,31,0xd,0x0,,,,,0,0,2,0,,,,0x0
Wyrmslayer,0x361,0x411,0x0,Wyrmslayer,0x0,0x1,0x0,WyvernEffectiveness|IsPointer,30,8,75,5,0,0x11,150,71,0xe,0x0,,,,,0,0,2,0,,,,0x0
LightBrand,0x362,0x412,0x0,LightBrand,0x0,0x43,0x0,0x0,25,9,70,9,0,0x12,50,71,0xf,0x0,,,,,0,0,2,0,,,,0x0
Runesword,0x363,0x413,0x0,Runesword,0x0,0x43,0x0,0x0,15,12,65,11,0,0x12,220,181,0x10,0x0,,,,,0,2,2,0,,,,0x0
Lancereaver,0x364,0x414,0x0,Lancereaver,0x0,0x101,0x0,0x0,15,9,75,9,0,0x11,120,71,0x11,0x0,,,,,0,0,4,0,,,,0x0
Zanbato,0x365,0x415,0x0,Zanbato,0x0,0x1,0x0,HorseEffectiveness|IsPointer,18,6,85,11,0,0x11,70,31,0x12,0x0,,,,,0,0,2,0,,,,0x0
IronLance,0x369,0x419,0x0,IronLance,0x1,0x1,0x0,0x0,45,7,80,8,0,0x11,8,1,0x13,0x0,,,,,0,0,2,0,,,,0x0
SlimLance,0x36a,0x41a,0x0,SlimLance,0x1,0x1,0x0,0x0,30,4,85,4,5,0x11,15,1,0x14,0x0,,,,,0,0,2,0,,,,0x0
SteelLance,0x36b,0x41b,0x0,SteelLance,0x1,0x1,0x0,0x0,30,10,70,13,0,0x11,16,31,0x15,0x0,,,,,0,0,4,0,,,,0x0
SilverLance,0x36c,0x41c,0x0,SilverLance,0x1,0x1,0x0,0x0,20,14,75,10,0,0x11,60,181,0x16,0x0,,,,,0,0,2,0,,,,0x0
PoisonLance,PoisonLanceNameText,Applies3PoisonText,0x0,PoisonLance,0x1,0x1,0x0,0x0,40,7,80,8,0,0x11,12,1,0x17,0x0,,,,,3,1,2,0,,,,0x0
BraveLance,0x36e,0x41e,0x0,BraveLance,0x1,0x21,0x0,0x0,30,10,70,14,0,0x11,250,121,0x18,0x0,,,,,0,0,2,0,,,,0x0
KillerLance,0x36f,0x41f,0x0,KillerLance,0x1,0x1,0x0,0x0,20,10,70,9,30,0x11,60,71,0x19,0x0,,,,,0,0,2,0,,,,0x0
Horseslayer,0x370,0x420,0x0,Horseslayer,0x1,0x1,0x0,HorseEffectiveness|IsPointer,16,7,70,13,0,0x11,65,31,0x1a,0x0,,,,,0,0,2,0,,,,0x0
Javelin,0x371,0x1,0x0,Javelin,0x1,0x1,0x0,0x0,20,6,65,11,0,0x12,20,1,0x1b,0x0,,,,,0,0,2,0,,,,0x0
Spear,0x372,0x1,0x0,Spear,0x1,0x1,0x0,0x0,15,12,70,10,5,0x12,400,121,0x1c,0x0,,,,,0,0,2,0,,,,0x0
Axereaver,0x373,0x423,0x0,Axereaver,0x1,0x101,0x0,0x0,15,10,70,11,0,0x11,130,71,0x1d,0x0,,,,,0,0,4,0,,,,0x0
IronAxe,0x37a,0x42a,0x0,IronAxe,0x2,0x1,0x0,0x0,45,8,75,10,0,0x11,6,1,0x1e,0x0,,,,,0,0,2,0,,,,0x0
SteelAxe,0x37b,0x42b,0x0,SteelAxe,0x2,0x1,0x0,0x0,30,11,65,15,0,0x11,12,1,0x1f,0x0,,,,,0,0,4,0,,,,0x0
SilverAxe,0x37c,0x42c,0x0,SilverAxe,0x2,0x1,0x0,0x0,20,16,70,12,0,0x11,50,181,0x20,0x0,,,,,0,0,2,0,,,,0x0
PoisonAxe,0x37d,Applies3PoisonText,0x0,PoisonAxe,0x2,0x1,0x0,0x0,40,7,75,10,0,0x11,10,31,0x21,0x0,,,,,3,1,2,0,,,,0x0
BraveAxe,0x37e,0x42e,0x0,BraveAxe,0x2,0x21,0x0,0x0,30,9,65,16,0,0x11,250,121,0x22,0x0,,,,,0,0,2,0,,,,0x0
KillerAxe,0x37f,0x42f,0x0,KillerAxe,0x2,0x1,0x0,0x0,20,10,65,11,30,0x11,50,71,0x23,0x0,,,,,0,0,2,0,,,,0x0
Halberd,0x380,0x430,0x0,Halberd,0x2,0x1,0x0,HorseEffectiveness|IsPointer,18,9,60,15,0,0x11,45,31,0x24,0x0,,,,,0,0,2,0,,,,0x0
Hammer,0x381,0x431,0x0,Hammer,0x2,0x1,0x0,ArmorEffectiveness|IsPointer,20,9,55,15,0,0x11,40,31,0x25,0x0,,,,,0,0,4,0,,,,0x0
DevilAxe,0x382,0x432,0x0,DevilAxe,0x2,0x1,0x0,0x0,30,14,60,16,0,0x11,45,31,0x26,0x0,,,,,0,4,16,0,,,,0x0
HandAxe,0x383,0x1,0x0,HandAxe,0x2,0x1,0x0,0x0,25,6,60,12,0,0x12,15,1,0x27,0x0,,,,,0,0,2,0,,,,0x0
Tomahawk,0x384,0x1,0x0,Tomahawk,0x2,0x1,0x0,0x0,15,12,65,14,0,0x12,200,181,0x28,0x0,,,,,0,0,2,0,,,,0x0
Swordreaver,0x385,0x435,0x0,Swordreaver,0x2,0x101,0x0,0x0,15,10,65,13,0,0x11,140,71,0x29,0x0,,,,,0,0,4,0,,,,0x0
Swordslayer,0x386,0x436,0x0,Swordslayer,0x2,0x101,0x0,SwordEffectiveness|IsPointer,15,10,80,13,0,0x11,100,71,0x2a,0x0,,,,,0,0,2,0,,,,0x0
ShortAxe,ShortAxeNameText,0x1,0x0,ShortAxe,0x2,0x1,0x0,0x0,20,8,55,14,0,0x12,60,71,0xb9,0x0,,,,,0,0,2,0,,,,0x0
IronBow,0x38b,0x43b,0x0,IronBow,0x3,0x1,0x0,FlierEffectiveness|IsPointer,45,6,85,5,0,0x22,12,1,0x2b,0x0,,,,,0,0,2,0,,,,0x0
SteelBow,0x38c,0x43c,0x0,SteelBow,0x3,0x1,0x0,FlierEffectiveness|IsPointer,30,9,70,9,0,0x22,24,31,0x2c,0x0,,,,,0,0,2,0,,,,0x0
SilverBow,0x38d,0x43d,0x0,SilverBow,0x3,0x1,0x0,FlierEffectiveness|IsPointer,20,13,75,6,0,0x22,80,181,0x2d,0x0,,,,,0,0,2,0,,,,0x0
PoisonBow,0x38e,Applies3PoisonText,0x0,PoisonBow,0x3,0x1,0x0,FlierEffectiveness|IsPointer,40,6,75,5,0,0x22,14,31,0x2e,0x0,,,,,3,1,2,0,,,,0x0
KillerBow,0x38f,0x43f,0x0,KillerBow,0x3,0x1,0x0,FlierEffectiveness|IsPointer,20,9,75,7,30,0x22,70,71,0x2f,0x0,,,,,0,0,2,0,,,,0x0
BraveBow,0x390,0x440,0x0,BraveBow,0x3,0x21,0x0,FlierEffectiveness|IsPointer,30,10,70,12,0,0x22,250,121,0x30,0x0,,,,,0,0,2,0,,,,0x0
0x35 Ballista,0x393,0x443,0x0,0x35,0x3,0x81,0x0,FlierEffectiveness|IsPointer,5,8,60,20,0,0x3a,0,1,0x33,0x0,,,,,0,0,8,0,,,,0x0
0x36 Iron Ballista,0x394,0x444,0x0,0x36,0x3,0x81,0x0,FlierEffectiveness|IsPointer,5,13,60,20,0,0x3f,0,1,0x34,0x0,,,,,0,0,8,0,,,,0x0
0x37 Killer Ballista,0x395,0x445,0x0,0x37,0x3,0x81,0x0,FlierEffectiveness|IsPointer,5,12,65,20,10,0x3a,0,1,0x35,0x0,,,,,0,0,8,0,,,,0x0
Fire,0x3a9,FireDescText,0x0,Fire,0x5,0x3,0x0,0x0,40,5,90,4,0,0x12,13,1,0x36,0x0,,,,,0,0,2,0,,,,0x0
Thunder,0x3aa,ThunderDescText,0x0,Thunder,0x5,0x3,0x0,0x0,45,5,85,5,0,0x12,13,1,0x37,0x0,,,,,0,0,1,0,,,,0x0
Elfire,0x3ab,FireDescText,0x0,Elfire,0x5,0x3,0x0,0x0,30,10,85,10,0,0x12,26,71,0x38,0x0,,,,,0,0,4,0,,,,0x0
Bolting,0x3ad,ThunderDescText,0x0,Bolting,0x5,0xc000083,0x0,0x0,5,14,65,21,0,0x3a,500,121,0xd0,0x0,,,,,0,0,2,0,,,,0x0
Fimbulvetr,0x3ae,WaterDescText,0x0,Fimbulvetr,0x5,0x3,0x0,0x0,20,12,85,11,0,0x12,91,181,0x3a,0x0,,,,,0,0,2,0,,,,0x0
0x3D Forblaze (DUMMY),0x403,0x403,0x0,0x3d,0x0,0x41,0x0,0x88adf13,20,18,95,8,10,0x12,0,251,0x3b,0x0,,,,,0,0,2,0,,,,0x0
Excalibur,0x3af,0x45e,0x0,Excalibur,0x5,0x13,0x0,0x88adf39,30,18,90,13,10,0x12,0,251,0x3c,0x0,,,,,0,0,2,0,,,,0x0
Lightning,0x3b0,0x45f,0x0,Lightning,0x6,0x3,0x0,0x0,35,4,95,6,5,0x12,15,1,0x3d,0x0,,,,,0,0,2,0,,,,0x0
Shine,0x3b1,0x460,0x0,Shine,0x6,0x3,0x0,0x0,30,6,90,8,8,0x12,23,31,0x3e,0x0,,,,,0,0,4,0,,,,0x0
Divine,0x3b2,0x461,0x0,Divine,0x6,0x3,0x0,0x0,25,8,85,12,10,0x12,32,71,0x3f,0x0,,,,,0,0,2,0,,,,0x0
Purge,0x3b3,0x462,0x0,Purge,0x6,0xc000083,0x0,0x0,5,10,75,20,5,0x3a,600,121,0x40,0x0,,,,,0,12,6,0,,,,0x0
Aura,0x3b4,0x463,0x0,Aura,0x6,0x3,0x0,0x0,20,12,85,15,15,0x12,77,181,0x41,0x0,,,,,0,0,2,0,,,,0x0
0x44 Luce (DUMMY),0x403,0x4ab,0x0,0x44,0x6,0x3,0x0,0x88adf13,20,6,85,10,0,0x12,200,121,0x42,0x0,,,,,0,0,6,0,,,,0x0
Flux,0x3b6,0x465,0x0,Flux,0x7,0x3,0x0,0x0,45,6,80,6,0,0x12,14,Erank,0x43,0x0,,,,,0,0,2,0,,,,0x0
Luna,0x3b7,0x466,0x0,Luna,0x7,0x20003,0x0,0x0,35,0,95,12,0,0x12,32,71,0x44,0x0,,,,,0,0,2,0,,,,0x0
Nosferatu,0x3b8,0x467,0x0,Nosferatu,0x7,0x3,0x0,0x0,25,10,70,14,0,0x12,58,71,0x45,0x0,,,,,0,2,2,0,,,,0x0
Eclipse,0x3b9,0x468,0x0,Eclipse,0x7,0xc000083,0x0,0x0,5,255,30,12,0,0x3a,800,121,0x46,0x0,,,,,0,3,16,0,,,,0x0
Fenrir,0x3ba,0x469,0x0,Fenrir,0x7,0x3,0x0,0x0,20,15,70,18,0,0x12,88,181,0x47,0x0,,,,,0,0,2,0,,,,0x0
Gleipnir,0x3bb,0x46a,0x0,Gleipnir,0x7,0x13,0x0,0x0,30,23,80,20,0,0x12,0,251,0xbc,0x0,,,,,0,0,6,0,,,,0x0
Heal,0x3c2,0x471,0x4af,Heal,0x4,0x4,0x0,0x0,30,0,100,2,0,0x11,20,1,0x49,0x1,0x8028a8c,,0x802fe6c,0x8028f94,0,0,4,0,,,,0x0
Mend,0x3c3,0x472,0x4b0,Mend,0x4,0x4,0x0,0x0,20,0,100,4,0,0x11,50,31,0x4a,0x2,0x8028a8c,,0x802fe6c,0x8028f94,0,0,6,0,,,,0x0
Recover,0x3c4,0x473,0x4b1,Recover,0x4,0x4,0x0,0x0,15,0,100,6,0,0x11,150,71,0x4b,0x3,0x8028a8c,,0x802fe6c,0x8028f94,0,0,6,0,,,,0x0
Physic,0x3c5,0x474,0x4b2,Physic,0x4,0x4,0x0,0x0,15,0,100,5,0,0x10,250,121,0x4c,0x4,0x8028a9c,,0x802fe6c,0x8028f9c,0,0,6,0,,,,0x0
Fortify,0x3c6,0x475,0x4b3,Fortify,0x4,0x4,0x0,0x0,8,0,100,7,0,0x10,1000,181,0x4d,0x5,0x8028aac,,0x802fe84,0x8029014,0,0,10,0,,,,0x0
Restore,0x3c7,0x476,0x4b4,Restore,0x4,0x4,0x0,0x0,10,0,100,4,0,0x11,200,71,0x4e,0x6,0x8028abc,,0x802fe8c,0x8028fbc,0,0,6,0,,,,0x0
Silence,0x3c8,0x477,0x4b5,Silence,0x4,0x4,0x0,0x0,3,0,70,7,0,0x10,400,121,0x4f,0x7,0x8028aec,,0x802fe74,0x8028fcc,0,0,10,0,,,,0x0
Sleep,0x3c9,0x478,0x4b6,Sleep,0x4,0x4,0x0,0x0,3,0,65,8,0,0x10,500,121,0x50,0x8,0x8028afc,,0x802fe74,0x8028fd4,0,0,10,0,,,,0x0
Berserk,0x3ca,0x479,0x4b7,Berserk,0x4,0x4,0x0,0x0,3,0,60,8,0,0x10,600,121,0x51,0x9,0x8028b0c,,0x802fe74,0x8028fdc,0,0,10,0,,,,0x0
Warp,0x3cb,0x47a,0x4b8,Warp,0x4,0x4,0x0,0x0,5,0,100,5,0,0x11,1500,181,0x52,0xa,0x8028b1c,,0x802fea4,0x8029004,0,0,14,0,,,,0x0
Rescue,0x3cc,0x47b,0x4b9,Rescue,0x4,0x4,0x0,0x0,3,0,100,6,0,0x10,600,121,0x53,0xb,0x8028acc,,0x802fe94,0x8028fac,0,0,14,0,,,,0x0
Torch,0x3cd,0x47c,0x4ba,Torch,0x4,0x4,0x0,0x0,10,0,100,5,0,0x10,100,31,0x54,0xc,0x8028bc8,,0x802ff60,0x8029040,0,0,10,0,,,,0x0
Hammerne,0x3ce,0x47d,0x4bb,Hammerne,0x4,0x204,0x0,0x0,3,0,100,7,0,0x11,600,71,0x55,0xd,0x8028b2c,,0x802feb4,0x802900c,0,0,16,0,,,,0x0
Unlock,0x3cf,0x47e,0x4bc,Unlock,0x4,0x4,0x0,0x0,10,0,100,7,0,0x12,150,31,0x56,0xe,0x8028b3c,,0x802feac,0x8028ff4,0,0,10,0,,,,0x0
Barrier,0x3d0,0x47f,0x4bd,Barrier,0x4,0x4,0x0,0x0,15,0,100,4,0,0x11,150,71,0x57,0xf,0x8028adc,,0x802fe9c,0x8028fec,0,0,8,0,,,,0x0
DragonAxe,0x387,0x437,0x0,DragonAxe,0x2,0x1,0x0,WyvernEffectiveness|IsPointer,30,12,60,11,0,0x11,150,71,0x58,0x0,0x8028c04,,0x802ff76,0x802905c,0,0,2,0,,,,0x0
AngelicRobe,0x3d4,0x483,0x4c1,AngelicRobe,0x9,0x0,0x88aeedc,0x0,1,0,0,0,0,0x11,8000,0,0x59,0x10,0x8028b4c,0x802a0d0,0x802ff40,0x802905c,0,0,0,0,,,,0x0
EnergyRing,0x3d5,0x484,0x4c2,EnergyRing,0x9,0x0,0x88aeee8,0x0,1,0,0,0,0,0x11,8000,0,0x5a,0x11,0x8028b4c,0x802a0d0,0x802ff40,0x802905c,0,0,0,0,,,,0x0
SecretBook,0x3d6,0x485,0x4c3,SecretBook,0x9,0x0,0x88aeef4,0x0,1,0,0,0,0,0x11,8000,0,0x5b,0x12,0x8028b4c,0x802a0d0,0x802ff40,0x802905c,0,0,0,0,,,,0x0
Speedwings,0x3d7,0x486,0x4c4,Speedwings,0x9,0x0,0x88aef00,0x0,1,0,0,0,0,0x11,8000,0,0x5c,0x13,0x8028b4c,0x802a0d0,0x802ff40,0x802905c,0,0,0,0,,,,0x0
GoddessIcon,0x3d8,0x487,0x4c5,GoddessIcon,0x9,0x0,0x88aef0c,0x0,1,0,0,0,0,0x11,8000,0,0x5d,0x14,0x8028b4c,0x802a0d0,0x802ff40,0x802905c,0,0,0,0,,,,0x0
DragonShield,0x3d9,0x488,0x4c6,DragonShield,0x9,0x0,0x88aef18,0x0,1,0,0,0,0,0x11,8000,0,0x5e,0x15,0x8028b4c,0x802a0d0,0x802ff40,0x802905c,0,0,0,0,,,,0x0
Talisman,0x3da,0x489,0x4c7,Talisman,0x9,0x0,0x88aef24,0x0,1,0,0,0,0,0x11,8000,0,0x5f,0x16,0x8028b4c,0x802a0d0,0x802ff40,0x802905c,0,0,0,0,,,,0x0
Boots,0x3db,0x48a,0x4c8,Boots,0x9,0x0,0x88aef30,0x0,1,0,0,0,0,0x11,8000,0,0x60,0x17,0x8028b4c,0x802a0d0,0x802ff40,0x802905c,0,0,0,0,,,,0x0
BodyRing,0x3dc,0x48b,0x4c9,BodyRing,0x9,0x0,0x88aef3c,0x0,1,0,0,0,0,0x11,8000,0,0x61,0x18,0x8028b4c,0x802a0d0,0x802ff40,0x802905c,0,0,0,0,,,,0x0
HeroCrest,0x3dd,0x48c,0x4ca,HeroCrest,0x9,0x0,0x0,0x0,1,0,0,0,0,0x11,10000,0,0x62,0x19,0x8028b56,0x802a0da,0x802feec,0x802905c,0,0,0,0,,,,0x0
KnightCrest,0x3de,KnightCrestDescText,0x4cb,KnightCrest,0x9,0x0,0x0,0x0,1,0,0,0,0,0x11,10000,0,0x63,0x1a,0x8028b56,0x802a0da,0x802feec,0x802905c,0,0,0,0,,,,0x0
OrionBolt,0x3df,0x48e,0x4cc,OrionBolt,0x9,0x0,0x0,0x0,1,0,0,0,0,0x11,10000,0,0x64,0x1b,0x8028b56,0x802a0da,0x802feec,0x802905c,0,0,0,0,,,,0x0
ElysianWhip,0x3e0,0x48f,0x4cd,ElysianWhip,0x9,0x0,0x0,0x0,1,0,0,0,0,0x11,10000,0,0x65,0x1c,0x8028b56,0x802a0da,0x802feec,0x802905c,0,0,0,0,,,,0x0
GuidingRing,0x3e1,0x490,0x4ce,GuidingRing,0x9,0x0,0x0,0x0,1,0,0,0,0,0x11,10000,0,0x66,0x1d,0x8028b56,0x802a0da,0x802feec,0x802905c,0,0,0,0,,,,0x0
ChestKey,0x3e2,0x491,0x4cf,ChestKey,0x9,0x0,0x0,0x0,1,0,0,0,0,0x11,300,0,0x67,0x1e,0x8028b80,0x802a100,0x802fee6,0x802905c,0,0,0,0,,,,0x0
DoorKey,0x3e3,0x492,0x4d0,DoorKey,0x9,0x0,0x0,0x0,1,0,0,0,0,0x11,50,0,0x68,0x1f,0x8028b88,0x802a100,0x802fee6,0x802905c,0,0,0,0,,,,0x0
Lockpick,0x3e4,0x493,0x4d1,Lockpick,0x9,0x0,0x0,0x0,15,0,0,0,0,0x11,80,0,0x69,0x20,0x8028b90,0x802a100,0x802fee6,0x802905c,0,0,0,0,,,,0x0
Vulnerary,0x3e5,0x494,0x4d2,Vulnerary,0x9,0x0,0x0,0x0,5,0,0,0,0,0x11,100,0,0x6a,0x21,0x8028b60,0x802a100,0x802fec4,0x802905c,0,0,0,0,,,,0x0
Elixir,0x3e6,0x495,0x4d3,Elixir,0x9,0x0,0x0,0x0,3,0,0,0,0,0x11,1000,0,0x6b,0x22,0x8028b60,0x802a100,0x802fece,0x802905c,0,0,0,0,,,,0x0
PureWater,0x3e7,0x496,0x4d4,PureWater,0x9,0x0,0x0,0x0,3,0,0,0,0,0x11,300,0,0x6c,0x23,0x8028b68,0x802a100,0x802fed6,0x802905c,0,0,0,0,,,,0x0
Antitoxin,0x3e8,0x497,0x4d5,Antitoxin,0x9,0x0,0x0,0x0,3,0,0,0,0,0x11,150,0,0x6d,0x24,0x8028b78,0x802a100,0x802fede,0x802905c,0,0,0,0,,,,0x0
Torch,0x3e9,0x498,0x4d6,Torch,0x9,0x0,0x0,0x0,5,0,0,0,0,0x11,100,0,0x6e,0x25,0x8028b70,0x802a100,0x802febc,0x802905c,0,0,0,0,,,,0x0
DelphiShield,0x3ea,0x499,0x4d7,DelphiShield,0x9,0x4008,0x0,0x0,0,0,0,0,0,0x11,10000,0,0xda,0x0,0x8028c04,0x802a100,0x802ff76,0x802905c,0,0,0,0,,,,0x0
MemberCard,0x3eb,0x49a,0x4d8,MemberCard,0x9,0x0,0x0,0x0,1,0,0,0,0,0x11,6000,0,0x84,0x0,0x8028c04,0x802a100,0x802ff76,0x802905c,0,0,0,0,,,,0x0
SilverCard,0x3ec,0x49b,0x4d9,SilverCard,0x9,0x0,0x0,0x0,1,0,0,0,0,0x11,4000,0,0x85,0x0,0x8028c04,0x802a100,0x802ff76,0x802905c,0,0,0,0,,,,0x0
WhiteGem,0x3ef,0x49e,0x0,WhiteGem,0x9,0x0,0x0,0x0,1,0,0,0,0,0x11,20000,0,0x86,0x0,0x8028c04,0x802a100,0x802ff76,0x802905c,0,0,0,0,,,,0x0
BlueGem,0x3f0,0x49f,0x0,BlueGem,0x9,0x0,0x0,0x0,1,0,0,0,0,0x11,10000,0,0x87,0x0,0x8028c04,0x802a100,0x802ff76,0x802905c,0,0,0,0,,,,0x0
RedGem,0x3f1,0x4a0,0x0,RedGem,0x9,0x0,0x0,0x0,1,0,0,0,0,0x11,5000,0,0x88,0x0,0x8028c04,0x802a100,0x802ff76,0x802905c,0,0,0,0,,,,0x0
Gold,0x3f2,0x4a1,0x4da,Gold,0x9,0x0,0x0,0x0,1,0,0,0,0,0x11,0,0,0x89,0x0,0x8028c04,0x802a100,0x802ff76,0x802905c,0,0,0,0,,,,0x0
Reginleif,0x374,0x424,0x0,Reginleif,0x1,0x80011,0x0,ArmorHorseEffectiveness|IsPointer,45,10,80,8,10,0x11,160,0,0xb3,0x0,0x8028c04,0x802a100,0x802ff76,0x802905c,0,0,4,0,,,,0x0
ChestKey_5,0x3e2,0x491,0x4cf,ChestKey_5,0x9,0x0,0x0,0x0,5,0,0,0,0,0x11,300,0,0x67,0x26,0x8028b80,0x802a100,0x802fee6,0x802905c,0,0,0,0,,,,0x0
Mine,0x403,0x4ab,0x0,Mine,0x9,0x0,0x0,0x0,1,0,0,0,0,0x11,500,0,0x8c,0x27,0x8028ba8,0x802a100,0x802ff50,0x802901c,0,0,0,0,,,,0x0
LightRune,0x403,0x4ab,0x0,LightRune,0x9,0x0,0x0,0x0,1,0,0,0,0,0x11,800,0,0x8d,0x28,0x8028bb8,0x802a100,0x802ff58,0x802902c,0,0,0,0,,,,0x0
HoplonShield,0x3f3,0x4a4,0x4dd,HoplonShield,0x9,0x8008,0x0,0x0,0,0,0,0,0,0x11,5000,0,0xdb,0x0,0x8028c04,0x802a100,0x802ff76,0x802905c,0,0,0,0,,,,0x0
FillasMight,0x403,0x4ab,0x0,FillasMight,0xc,0x200,0x0,0x0,15,0,0,0,0,0x11,0,0,0x8f,0x29,0x8028bd8,0x802a100,0x802ff68,0x8029048,0,0,0,0,,,,0x0
NinissGrace,0x403,0x4ab,0x0,NinissGrace,0xc,0x200,0x0,0x0,15,0,0,0,0,0x11,0,0,0x90,0x2a,0x8028bd8,0x802a100,0x802ff68,0x8029048,0,0,0,0,,,,0x0
ThorsIre,0x403,0x4ab,0x0,ThorsIre,0xc,0x200,0x0,0x0,15,0,0,0,0,0x11,0,0,0x91,0x2b,0x8028bd8,0x802a100,0x802ff68,0x8029048,0,0,0,0,,,,0x0
SetsLitany,0x403,0x4ab,0x0,SetsLitany,0xc,0x200,0x0,0x0,15,0,0,0,0,0x11,0,0,0x92,0x2c,0x8028bd8,0x802a100,0x802ff68,0x8029048,0,0,0,0,,,,0x0
ShadowKiller,0x3a4,0x454,0x0,ShadowKiller,0x0,0x1,0x0,0x88adf39,60,5,90,5,5,0x11,0,1,0x93,0x0,0x8028c04,0x802a100,0x802ff76,0x802905c,0,0,2,0,,,,0x0
BrightLance,0x3a5,0x455,0x0,BrightLance,0x1,0x1,0x0,0x88adf39,60,7,80,8,5,0x11,0,1,0x94,0x0,0x8028c04,0x802a100,0x802ff76,0x802905c,0,0,2,0,,,,0x0
FiendCleaver,0x3a6,0x456,0x0,FiendCleaver,0x2,0x1,0x0,0x88adf39,60,8,75,10,5,0x11,0,1,0x95,0x0,0x8028c04,0x802a100,0x802ff76,0x802905c,0,0,2,0,,,,0x0
BeaconBow,0x3a7,0x457,0x0,BeaconBow,0x3,0x1,0x0,0x88adef1,60,6,85,5,5,0x22,0,1,0x96,0x0,0x8028c04,0x802a100,0x802ff76,0x802905c,0,0,2,0,,,,0x0
Sieglind,0x366,0x416,0x0,Sieglind,0x0,0x40011,0x0,0x88adf39,30,16,90,9,0,0x11,0,0,0xb0,0x0,0x8028c04,0x802a100,0x802ff76,0x802905c,0,0,2,0,,,,0x0
BattleAxe,0x388,0x439,0x0,BattleAxe,0x2,0x1,0x0,0x0,20,13,60,15,5,0x11,50,121,0xb8,0x0,0x8028c04,0x802a100,0x802ff76,0x802905c,0,0,2,0,,,,0x0
Ivaldi,0x3b5,0x464,0x0,Ivaldi,0x6,0x13,0x0,0x88adf39,30,17,90,10,5,0x12,0,251,0xbb,0x0,0x8028c04,0x802a100,0x802ff76,0x802905c,0,0,2,0,,,,0x0
MasterSeal,0x3f4,0x4a5,0x4de,MasterSeal,0x9,0x0,0x0,0x0,1,0,0,0,0,0x11,20000,0,0xd9,0x2d,0x8028b56,0x802a0da,0x802feec,0x802905c,0,0,0,0,,,,0x0
MetissTome,0x3f5,0x4a6,0x4df,MetissTome,0x9,0x0,0x0,0x0,1,0,0,0,0,0x11,0,0,0xdc,0x2e,0x8028be8,0x802a0e4,0x802ff40,0x802905c,0,0,0,0,,,,0x0
HeavenSeal,0x403,0x4ab,0x0,HeavenSeal,0x9,0x0,0x0,0x0,1,0,0,0,0,0x11,20000,0,0x9c,0x2f,0x8028b56,0x802a0da,0x802feec,0x802905c,0,0,0,0,,,,0x0
SharpClaw,0x39d,0x44d,0x0,SharpClaw,0xb,0x409,0x0,0x0,0,14,65,14,0,0x11,0,0,0xd0,0x0,0x8028c04,0x802a100,0x802ff76,0x802905c,0,0,0,0,,,,0x0
Latona,0x3d1,0x480,0x4be,Latona,0x4,0x14,0x0,0x0,3,0,100,5,0,0xff,0,251,0xc3,0x0,0x8028b98,0x802a100,0x802ff48,0x8029014,0,0,2,0,,,,0x0
Dragonspear,0x377,0x427,0x0,Dragonspear,0x1,0x1,0x0,WyvernEffectiveness|IsPointer,30,10,70,8,0,0x11,150,71,0xb6,0x0,0x8028c04,0x802a100,0x802ff76,0x802905c,0,0,2,0,,,,0x0
Vidofnir,0x376,0x426,0x0,Vidofnir,0x1,0x11,0x0,0x88adf39,30,15,85,11,0,0x11,0,251,0xb5,0x0,0x8028c04,0x802a100,0x802ff76,0x802905c,0,0,2,0,,,,0x0
Naglfal,0x3bc,0x46b,0x0,Naglfal,0x7,0xb,0x0,0x0,0,25,95,18,0,0x12,0,251,0xbd,0x0,0x8028c04,0x802a100,0x802ff76,0x802905c,0,0,2,0,,,,0x0
WretchedAir,0x397,0x447,0x4ac,WretchedAir,0xb,0x20409,0x0,0x0,0,10,100,0,0,0x12,0,181,0x79,0x0,0x8028c04,0x802a100,0x802ff76,0x802905c,0,0,0,0,,,,0x0
Audhulma,0x367,0x417,0x0,Audhulma,0x0,0x11,0x0,0x88adf39,30,18,85,9,0,0x11,0,251,0xb1,0x0,0x8028c04,0x802a100,0x802ff76,0x802905c,0,0,2,0,,,,0x0
Siegmund,0x375,0x425,0x0,Siegmund,0x1,0x80011,0x0,0x88adf39,30,17,80,11,0,0x11,0,0,0xb4,0x0,0x8028c04,0x802a100,0x802ff76,0x802905c,0,0,2,0,,,,0x0
Garm,0x389,0x438,0x0,Garm,0x2,0x11,0x0,0x88adf39,30,20,75,13,0,0x11,0,251,0xb7,0x0,0x8028c04,0x802a100,0x802ff76,0x802905c,0,0,2,0,,,,0x0
Nidhogg,0x396,0x446,0x0,Nidhogg,0x3,0x11,0x0,0x88adef1,30,18,80,7,0,0x22,0,251,0xba,0x0,0x8028c04,0x802a100,0x802ff76,0x802905c,0,0,2,0,,,,0x0
HeavySpear,0x378,0x428,0x0,HeavySpear,0x1,0x1,0x0,ArmorEffectiveness|IsPointer,16,9,70,14,0,0x11,75,31,0xa7,0x0,0x8028c04,0x802a100,0x802ff76,0x802905c,0,0,2,0,,,,0x0
ShortSpear,0x379,0x1,0x0,ShortSpear,0x1,0x1,0x0,0x0,18,9,60,12,0,0x12,50,71,0xa8,0x0,0x8028c04,0x802a100,0x802ff76,0x802905c,0,0,2,0,,,,0x0
OceanSeal,0x3f6,0x4a7,0x4e0,OceanSeal,0x9,0x0,0x0,0x0,1,0,0,0,0,0x11,10000,0,0xa9,0x30,0x8028b56,0x802a0da,0x802feec,0x802905c,0,0,0,0,,,,0x0
MoonBracelet,0x3f7,0x4a8,0x4e1,MoonBracelet,0x9,0x10,0x0,0x0,1,0,0,0,0,0x11,0,0,0xd8,0x31,0x8028b56,0x802a0da,0x802feec,0x802905c,0,0,0,0,,,,0x0
SunBracelet,0x3f8,0x4a9,0x4e2,SunBracelet,0x9,0x10,0x0,0x0,1,0,0,0,0,0x11,0,0,0xd7,0x32,0x8028b56,0x802a0da,0x802feec,0x802905c,0,0,0,0,,,,0x0
_1G,0x3f9,0x4a1,0x4da,_1G,0x9,0x0,0x0,0x0,1,0,0,0,0,0x11,1,0,0x89,0x0,0x8028c04,0x802a100,0x802ff76,0x802905c,0,0,0,0,,,,0x0
_5G,0x3fa,0x4a1,0x4da,_5G,0x9,0x0,0x0,0x0,1,0,0,0,0,0x11,5,0,0x89,0x0,0x8028c04,0x802a100,0x802ff76,0x802905c,0,0,0,0,,,,0x0
_10G,0x3fb,0x4a1,0x4da,_10G,0x9,0x0,0x0,0x0,1,0,0,0,0,0x11,10,0,0x89,0x0,0x8028c04,0x802a100,0x802ff76,0x802905c,0,0,0,0,,,,0x0
_50G,0x3fc,0x4a1,0x4da,_50G,0x9,0x0,0x0,0x0,1,0,0,0,0,0x11,50,0,0x89,0x0,0x8028c04,0x802a100,0x802ff76,0x802905c,0,0,0,0,,,,0x0
_100G,0x3fd,0x4a1,0x4da,_100G,0x9,0x0,0x0,0x0,1,0,0,0,0,0x11,100,0,0x89,0x0,0x8028c04,0x802a100,0x802ff76,0x802905c,0,0,0,0,,,,0x0
_3000G,0x400,0x4a1,0x4da,_3000G,0x9,0x0,0x0,0x0,1,0,0,0,0,0x11,3000,0,0x89,0x0,0x8028c04,0x802a100,0x802ff76,0x802905c,0,0,0,0,,,,0x0
_5000G,0x401,0x4a1,0x4da,_5000G,0x9,0x0,0x0,0x0,1,0,0,0,0,0x11,5000,0,0x89,0x0,0x8028c04,0x802a100,0x802ff76,0x802905c,0,0,0,0,,,,0x0
WindSword,0x368,WindDescText,0x0,WindSword,0x0,0x43,0x0,0x0,40,9,70,9,0,0x12,200,121,0xaa,0x0,0x8028c04,0x802a100,0x802ff76,0x802905c,0,0,2,0,,,,0x0
ArmsScroll,ArmsScrollNameText,ArmsScrollDescText,ArmsScrollUseText,ArmsScroll,0x9,0x0,0x0,0x0,1,0,0,0,0,0x11,6000,0,0x9b,0x33,0x8028b60,0x802a100,0x802fec4,0x8026235,0,0,0,0,,,,0x0
0xA3 Vulnerary (green note),0x3e5,0x494,0x4d2,0xa3,0x9,0x0,0x0,0x0,60,0,0,0,0,0x11,100,0,0xab,0x34,0x8028c04,0x802a100,0x802ff76,0x802905c,0,0,0,0,,,,0x0
0xA4 Vulnerary (red note),0x3e5,0x494,0x4d2,0xa4,0x9,0x0,0x0,0x0,60,0,0,0,0,0x11,100,0,0xac,0x35,0x8028c04,0x802a100,0x802ff76,0x802905c,0,0,0,0,,,,0x0
0xA5 Dance,0x3d2,0x481,0x4bf,0xa5,0xc,0x0,0x0,0x0,0,0,0,0,0,0x11,0,0,0x0,0x0,0x8028c04,0x802a100,0x802ff76,0x802905c,0,0,0,0,,,,0x0
0xA6 Nightmare,0x39c,0x44c,0x0,0xa6,0x4,0x4,0x0,0x0,1,0,70,8,0,0x13,0,0,0xc7,0x0,0x8028c04,0x802a100,0x802fe7c,0x802905c,0,0,0,0,,,,0x0
0xA7 Demon Stone,0x399,0x449,0x4ae,0xa7,0xb,0x409,0x0,0x0,0,10,65,0,0,0x11,0,0,0x88,0x0,0x8028c04,0x802a100,0x802ff76,0x802905c,0,0,0,0,,,,0x0
0xA8 Demon Light,0x39a,0x44a,0x0,0xa8,0xb,0x409,0x0,0x0,0,15,60,0,0,0x13,0,0,0xc5,0x0,0x8028c04,0x802a100,0x802ff76,0x802905c,0,0,0,0,,,,0x0
0xA9 Ravager,0x39b,0x44b,0x0,0xa9,0xb,0x409,0x0,0x0,0,15,85,0,10,0x11,0,0,0xc6,0x0,0x8028c04,0x802a100,0x802ff76,0x802905c,0,0,0,0,,,,0x0
DragonStone,0x398,0x448,0x4ad,DragonStone,0xb,0x411,0x0,0x88adf39,50,16,100,0,15,0x11,0,0,0xc4,0x0,0x8028c04,0x802a100,0x802ff76,0x802905c,0,0,0,0,,,,0x0
DemonSurge,0x3c0,0x46f,0x0,DemonSurge,0x7,0xb,0x0,0x0,0,11,80,10,0,0x12,0,0,0xc1,0x0,0x8028c04,0x802a100,0x802ff76,0x802905c,0,0,0,0,,,,0x0
Shadowshot,0x3c1,0x470,0x0,Shadowshot,0x7,0xc000083,0x0,0x0,5,13,70,20,5,0x3a,0,0,0xc2,0x0,0x8028c04,0x802a100,0x802ff76,0x802905c,0,12,0,0,,,,0x0
RottenClaw,0x39e,0x44e,0x0,RottenClaw,0xb,0x409,0x0,0x0,0,7,80,8,0,0x11,0,0,0xd1,0x0,0x8028c04,0x802a100,0x802ff76,0x802905c,0,0,0,0,,,,0x0
FetidClaw,0x39f,0x44f,0x0,FetidClaw,0xb,0x409,0x0,0x0,0,12,75,10,0,0x11,0,0,0xd2,0x0,0x8028c04,0x802a100,0x802ff76,0x802905c,0,0,0,0,,,,0x0
PoisonClaw,0x3a0,0x450,0x0,PoisonClaw,0xb,0x409,0x0,0x0,0,6,65,10,0,0x11,0,0,0xd3,0x0,0x8028c04,0x802a100,0x802ff76,0x802905c,3,1,0,0,,,,0x0
LethalTalon,0x3a1,0x451,0x0,LethalTalon,0xb,0x409,0x0,0x0,0,10,60,12,0,0x11,0,0,0xd4,0x0,0x8028c04,0x802a100,0x802ff76,0x802905c,6,1,0,0,,,,0x0
FireFang,0x3a2,0x452,0x0,FireFang,0xb,0x409,0x0,0x0,0,5,90,5,0,0x11,0,0,0xd5,0x0,0x8028c04,0x802a100,0x802ff76,0x802905c,0,0,0,0,,,,0x0
HellFang,0x3a3,0x453,0x0,HellFang,0xb,0x409,0x0,0x0,0,13,80,8,0,0x11,0,0,0xd6,0x0,0x8028c04,0x802a100,0x802ff76,0x802905c,0,0,0,0,,,,0x0
EvilEye,0x3be,0x46d,0x0,EvilEye,0x7,0xb,0x0,0x0,0,7,85,6,0,0x12,0,0,0xbe,0x0,0x8028c04,0x802a100,0x802ff76,0x802905c,0,0,0,0,,,,0x0
CrimsonEye,0x3bf,0x46e,0x0,CrimsonEye,0x7,0xb,0x0,0x0,0,14,70,13,5,0x12,0,0,0xbf,0x0,0x8028c04,0x802a100,0x802ff76,0x802905c,0,0,0,0,,,,0x0
Stone,0x3bd,0x46c,0x0,Stone,0x7,0x3,0x0,0x0,5,0,65,8,0,0x13,0,0,0xc0,0x0,0x8028c04,0x802a100,0x802ff76,0x802905c,0,5,10,0,,,,0x0
JunaFruit,0x402,0x4aa,0x4e3,JunaFruit,0x9,0x0,0x0,0x0,1,0,0,0,0,0x11,0,0,0xdd,0x36,0x8028c04,0x802a100,0x802ff76,0x802905c,0,0,0,0,,,,0x0
_150G,0x3fe,0x4a1,0x4da,_150G,0x9,0x0,0x0,0x0,1,0,0,0,0,0x11,150,0,0x89,0x0,0x8028bf8,0x802a0f4,0x802ff70,0x802905c,0,0,0,0,,,,0x0
_200G,0x3ff,0x4a1,0x4da,_200G,0x9,0x0,0x0,0x0,1,0,0,0,0,0x11,200,0,0x89,0x0,0x8028c04,0x802a100,0x802ff76,0x802905c,0,0,0,0,,,,0x0
BlackGem,0x3ee,0x49d,0x0,BlackGem,0x9,0x0,0x0,0x0,1,0,0,0,0,0x11,30000,0,0xc8,0x0,0x8028c04,0x802a100,0x802ff76,0x802905c,0,0,0,0,,,,0x0
GoldGem,0x3ed,0x49c,0x0,GoldGem,0x9,0x0,0x0,0x0,1,0,0,0,0,0x11,40000,0,0xc9,0x0,0x8028c04,0x802a100,0x802ff76,0x802905c,0,0,0,0,,,,0x0
Aqua,AquaNameText,WaterDescText,0x0,Aqua,0x5,0x3,0x0,0x0,40,3,95,3,0,0x12,14,1,0xad,0x0,0x8028c04,0x802a100,0x802ff76,0x802905c,0,0,1,0,,,,0x0
Arcthunder,ArcthunderNameText,ThunderDescText,0x0,Arcthunder,0x5,0x3,0x0,0x0,30,13,75,14,0,0x12,40,121,0xae,0x0,0x8028c04,0x802a100,0x802ff76,0x802905c,0,0,3,0,,,,0x0
Bolagnone,BolganoneNameText,FireDescText,0x0,Bolagnone,0x5,0x3,0x0,0x0,20,14,75,14,0,0x12,80,181,0xaf,0x0,0x8028c04,0x802a100,0x802ff76,0x802905c,0,0,2,0,,,,0x0
Arcwind,ArcwindNameText,WindDescText,0x0,Arcwind,0x5,0x3,0x0,0x0,30,11,85,12,10,0x12,35,121,0xca,0x0,0x8028c04,0x802a100,0x802ff76,0x802905c,0,0,3,0,,,,0x0
Dasher,DasherNameText,0x40c,0x0,Dasher,0x5,0x3,0x0,ArmorHorseEffectiveness|IsPointer,35,8,70,9,0,0x12,27,71,0xcb,0x0,0x8028c04,0x802a100,0x802ff76,0x802905c,0,0,2,0,,,,0x0
Ragnorak,0x64,0x1,0x0,Ragnorak,0x7,0x13,0x0,0x0,25,17,80,15,0,0x12,0,251,0xcd,0x0,0x8028c04,0x802a100,0x802ff76,0x802905c,0,0,0,0,,,,0x0
Elwind,ElwindNameText,WindDescText,0x0,Elwind,0x5,0x3,0x0,0x0,35,7,85,6,5,0x12,22,71,0xce,0x0,0x8028b56,0x802a100,0x802feec,0x802905c,0,0,2,0,,,,0x0
Thoron,ThoronNameText,ThunderDescText,0x0,Thoron,0x5,0x3,0x0,0x0,25,15,70,14,0,0x12,72,181,0xcf,0x0,0x8028c04,0x802a100,0x802ff76,0x802905c,0,0,2,0,,,,0x0
Tornado,TornadoNameText,WindDescText,0x0,Tornado,0x5,0x3,0x0,0x0,25,13,80,13,0,0x12,62,181,0xde,0x0,0x8028c04,0x802a100,0x802ff76,0x802905c,0,0,2,0,,,,0x0
Wind,WindNameText,WindDescText,0x0,Wind,0x5,0x3,0x0,0x0,45,4,95,4,0,0x12,12,1,0xdf,0x0,0x8028c04,0x802a100,0x802ff76,0x802905c,0,0,1,0,,,,0x0
Dulam,DulamNameText,0x1,0x0,Dulam,0x7,0x3,0x0,0x0,30,9,65,12,0,0x13,150,71,0xcc,0x0,0x8028c04,0x802a100,0x802ff76,0x802905c,0,0,2,0,,,,0x0
Slime,SlimeNameText,Applies4PoisonText,0x0,Slime,0x7,0x3,0x0,0x0,40,5,80,7,0,0x12,18,1,0xd7,0x0,0x8028c04,0x802a100,0x802ff76,0x802905c,4,1,1,0,,,,0x0
Swarm,SwarmNameText,0x1,0x0,Swarm,0x7,0x13,0x0,0x0,25,18,80,18,0,0x12,0,251,0xd8,0x0,0x8028c04,0x802a100,0x802ff76,0x802905c,0,0,2,0,,,,0x0
Worm,WormNameText,0x1,0x0,Worm,0x7,0x3,0x0,0x0,40,7,85,8,0,0x12,22,31,0xc5,0x0,0x8028c04,0x802a100,0x802ff76,0x802905c,0,0,2,0,,,,0x0
Artimes,ArtimesNameText,0x1,0x0,Artimes,0x6,0x3,0x0,0x0,25,10,85,11,10,0x12,42,121,0xc6,0x0,0x8028c04,0x802a100,0x802ff76,0x802905c,0,0,2,0,,,,0x0
Thani,ThaniNameText,0x1,0x0,Thani,0x6,0x13,0x0,0x0,25,17,75,15,10,0x13,0,251,0xb3,0x0,0x8028c04,0x802a100,0x802ff76,0x802905c,0,0,2,0,,,,0x0
Exordium,ExordiumNameText,0x1,0x0,Exordium,0x6,0x3,0x0,0x0,25,7,80,9,5,0x12,32,Drank,0xab,0x0,0x8028c04,0x802a100,0x802ff76,0x802905c,0,0,2,0,,,,0x0
Starlight,0x62,0x1,0x0,Starlight,0x6,0x13,0x0,0x0,30,18,70,19,10,0x12,0,251,0xac,0x0,0x8028c04,0x802a100,0x802ff76,0x802905c,0,0,0,0,,,,0x0
DevilSword,DevilSwordNameText,0x432,0x0,DevilSword,0x0,0x1,0x0,0x0,40,10,75,11,0,0x11,28,31,0xa0,0x0,0x8028c04,0x802a100,0x802ff76,0x802905c,0,4,16,0,,,,0x0
DevilLance,DevilLanceNameText,0x432,0x0,DevilLance,0x1,0x1,0x0,0x0,35,12,65,13,0,0x11,35,31,0x8e,0x0,0x8028c04,0x802a100,0x802ff76,0x802905c,0,4,16,0,,,,0x0
DevilBow,DevilBowNameText,0x432,0x0,DevilBow,0x3,0x1,0x0,FlierEffectiveness|IsPointer,35,13,65,13,0,0x22,38,31,0x8f,0x0,0x8028c04,0x802a100,0x802ff76,0x802905c,0,4,16,0,,,,0x0
Flare,FlareNameText,FlareDescText,0x0,Flare,0x5,0x23,0x0,0x0,35,6,80,7,0,0x12,35,71,0x8d,0x0,0x8028c04,0x802a100,0x802ff76,0x802905c,0,0,2,0,,,,0x0
SteelLongbow,SteelLongbowNameText,0x1,0x0,SteelLongbow,0x3,0x1,0x0,FlierEffectiveness|IsPointer,25,9,65,11,0,0x23,36,71,0x91,0x0,0x8028c04,0x802a100,0x802ff76,0x802905c,0,0,2,0,,,,0x0
SilverLongbow,SilverLongbowNameText,0x1,0x0,SilverLongbow,0x3,0x1,0x0,FlierEffectiveness|IsPointer,20,13,70,9,0,0x23,100,181,0x92,0x0,0x8028c04,0x802a100,0x802ff76,0x802905c,0,0,2,0,,,,0x0
SteelShortbow,SteelShortbowNameText,0x1,0x0,SteelShortbow,0x3,0x1,0x0,FlierEffectiveness|IsPointer,25,7,80,5,0,0x12,32,31,0x97,0x0,0x8028c04,0x802a100,0x802ff76,0x802905c,0,0,2,0,,,,0x0
SilverShortbow,SilverShortbowNameText,0x1,0x0,SilverShortbow,0x3,0x1,0x0,FlierEffectiveness|IsPointer,20,11,80,6,0,0x12,90,181,0x98,0x0,0x8028c04,0x802a100,0x802ff76,0x802905c,0,0,2,0,,,,0x0
Elthunder,ElthunderNameText,ThunderDescText,0x0,Elthunder,0x5,0x3,0x0,0x0,35,11,80,11,0,0x12,25,71,0x9e,0x0,0x8028c04,0x802a100,0x802ff76,0x802905c,0,0,2,0,,,,0x0
Arcfire,ArcfireNameText,FireDescText,0x0,Arcfire,0x5,0x3,0x0,0x0,25,12,75,13,0,0x12,44,121,0x9f,0x0,0x8028c04,0x802a100,0x802ff76,0x802905c,0,0,2,0,,,,0x0
Lanceslayer,LanceslayerNameText,LanceslayerDescText,0x0,Lanceslayer,0x0,0x101,0x0,LanceEffectiveness|IsPointer,15,8,90,7,0,0x11,53,71,0x99,0x0,0x8028c04,0x802a100,0x802ff76,0x802905c,0,0,2,0,,,,0x0
Axeslayer,AxeslayerNameText,AxeslayerDescText,0x0,Axeslayer,0x1,0x101,0x0,AxeEffectiveness|IsPointer,15,10,85,9,0,0x11,72,71,0x9a,0x0,0x8028c04,0x802a100,0x802ff76,0x802905c,0,0,2,0,,,,0x0
Elaqua,ElaquaNameText,WaterDescText,0x0,Elaqua,0x5,0x3,0x0,0x0,30,7,90,7,0,0x12,28,71,0xbe,0x0,0x8028c04,0x802a100,0x802ff76,0x802905c,0,0,0,0,,,,0x0
Arcaqua,ArcaquaNameText,WaterDescText,0x0,Arcaqua,0x5,0x3,0x0,0x0,25,9,85,9,0,0x12,50,121,0xbf,0x0,0x8028c04,0x802a100,0x802ff76,0x802905c,0,0,0,0,,,,0x0
Meteor,MeteorNameText,FireDescText,0x0,Meteor,0x5,0xc000083,0x0,0x0,5,15,60,20,0,0x3a,480,121,0x39,0x0,0x8028c04,0x802a100,0x802ff76,0x802905c,0,0,2,0,,,,0x0
Hail,HailNameText,WaterDescText,0x0,Hail,0x05,0xc000083,0x0,0x0,5,13,70,18,0,0x3a,460,Brank,0xd6,0x0,0x8028c04,0x802a100,0x802ff76,0x802905c,0,0,5,0,,,,0x0
ToxinSword,ToxinSwordNameText,Applies5PoisonText,0x0,ToxinSword,0x0,0x1,0x0,0x0,30,7,65,11,0,0x11,24,Crank,0xd2,0x0,0x8028c04,0x802a100,0x802ff76,0x802905c,5,1,2,0,,,,0x0
ToxinLance,ToxinLanceNameText,Applies5PoisonText,0x0,ToxinLance,0x1,0x1,0x0,0x0,30,9,60,14,0,0x11,20,Crank,0xd3,0x0,0x8028c04,0x802a100,0x802ff76,0x802905c,5,1,2,0,,,,0x0
ToxinAxe,ToxinAxeNameText,Applies5PoisonText,0x0,ToxinAxe,0x2,0x1,0x0,0x0,30,10,65,15,0,0x11,15,Crank,0xd4,0x0,0x8028c04,0x802a100,0x802ff76,0x802905c,5,1,2,0,,,,0x0
ToxinBow,ToxinBowNameText,Applies5PoisonText,0x0,ToxinBow,0x3,0x1,0x0,FlierEffectiveness|IsPointer,30,8,60,10,0,0x22,27,Crank,0xd5,0x0,0x8028c04,0x802a100,0x802ff76,0x802905c,5,1,2,0,,,,0x0
SpiritDust,SpiritDustNameText,SpiritDustDescText,SpiritDustUseText,SpiritDust,0x09,0x0,0x0,0x0,1,0,0,0,0,0x11,800,0,0xc7,0x0,0x8028c04,0x802a100,0x802ff76,0x802905c,5,0,0,0,,,,0x0
DoorKey_5,0x3e3,0x492,0x4d0,DoorKey_5,0x9,0x0,0x0,0x0,5,0,0,0,0,0x11,50,0,0x68,0x1f,0x8028b88,0x802a100,0x802fee6,0x802905c,0,0,0,0,,,,0x0
Tempest,TempestNameText,WindDescText,0x0,Tempest,0x5,0x3,0x0,0x0,5,13,70,19,0,0x3a,470,121,0xd1,0x0,0x8028c04,0x802a100,0x802ff76,0x802905c,0,0,3,0,,,,0x0
IronShortbow,IronShortbowNameText,0x1,0x0,IronShortbow,0x3,0x1,0x0,FlierEffectiveness|IsPointer,35,4,70,4,0,0x12,15,1,0x31,0x0,0x8028c04,0x802a100,0x802ff76,0x802905c,0,0,2,0,,,,0x0
IronLongbow,IronLongbowNameText,0x1,0x0,IronLongbow,0x3,0x1,0x0,FlierEffectiveness|IsPointer,30,6,80,7,0,0x23,20,31,0x32,0x0,0x8028c04,0x802a100,0x802ff76,0x802905c,0,0,2,0,,,,0x0
