INLINE ClassTable 0xFF,Class Name,Class Description,Class Number,Default Promotion,Map Sprite# (standing),Walking Speed,Default Portrait,***UNKNOWN***,Base HP,Base STR,Base SKL,Base SPD,Base DEF,Base MDF,Base CON,Base MOV,Max HP,Max STR/MGC,Max SKL,Max SPD,Max DEF,Max MDF,Max CON,Class Relative Power,HP Growth,STR/MGC Growth,SKL Growth,SPD Growth,DEF Growth,MDF Growth,LUK Growth,HP Promotion Bonus,STR/MGC Promotion Bonus,SKL Promotion Bonus,SPD Promotion Bonus,DEF Promotion Bonus,MDF Promotion Bonus,Class Ability 1,Class Ability 2,Class Ability 3,Class Ability 4,Base Sword Level,Base Spear Level,Base Axe Level,Base Bow Level,Base Staff Level,Base Anima Level,Base Light Level,Base Dark Level,Battle Animation Pointer,Movement Type Pointer,Movement Cost(rain) Pointer,Movement Cost(snow) Pointer,Terrain defence bonus,Terrain avoid bonus,Terrain resistance bonus,***UNKNOWN*** Pointer
0x00 None,0x0,0x0,0x0,0x0,0x0,0,0x0,0x0,0,0,0,0,0,0,0,0,0,0,0,0,0,0,0,0,0,0,0,0,0,37,0,37,0,0,65,0,0,0x2,0x0,0x0,0x1,0,0,0,0,0,0,0,0,0x1f,0x0,0x231e143c,0x190f0f,0x0,0x0,0x0,0x0
Cavalier,0x2c1,0x30d,Cavalier,0x7,CavalierSprite,0,0x80,0x20,22,5,2,5,5,3,9,7,60,20,20,20,20,20,25,2,75,35,40,28,15,20,30,0,0,0,0,0,0,0x3,0x4,0x0,0x0,1,31,0,0,0,0,0,0,0x88af008,0x880ba92,0x880bee3,0x880c2f3,0x880c479,0x880c4ba,0x880c4fb,0x0
Cavalier_F,0x2c1,0x30d,Cavalier_F,0x8,CavalierFSprite,0,0x80,0x20,20,5,3,3,5,3,9,7,60,20,20,20,20,20,25,2,75,35,40,28,15,20,30,1,0,2,2,0,2,0x3,0x4,0x0,0x0,1,31,0,0,0,0,0,0,0x88af018,0x880ba92,0x880bee3,0x880c2f3,0x880c479,0x880c4ba,0x880c4fb,0x0
Paladin,0x2c2,0x30e,Paladin,0x5,PaladinSprite,0,0x81,0x21,23,7,4,7,8,7,11,8,60,25,26,24,25,28,25,3,70,25,30,18,12,30,25,2,1,1,1,2,4,0x3,0x5,0x0,0x0,31,31,0,0,0,0,0,0,0x88af028,0x880bad3,0x880bf24,0x880c334,0x880c479,0x880c4ba,0x880c4fb,0x0
Paladin_F,0x2c2,0x30e,Paladin_F,0x6,PaladinFSprite,0,0x81,0x21,23,6,6,11,7,7,9,8,60,23,27,25,24,28,25,3,70,25,35,25,12,30,25,1,1,1,2,1,4,0x3,0x5,0x0,0x0,31,31,0,0,0,0,0,0,0x88af028,0x880bad3,0x880bf24,0x880c334,0x880c479,0x880c4ba,0x880c4fb,0x0
Knight,0x2c3,KnightDescText,Knight,0xb,KnightSprite,1,0x76,0xc,23,5,2,0,8,0,13,5,60,20,20,20,20,20,20,2,80,40,30,15,28,20,25,0,0,0,0,0,0,0x0,0x0,0x0,0x0,0,Drank,Drank,0,0,0,0,0,KnightAnim|IsPointer,0x880b88a,0x880bcdb,0x880c0eb,0x880c479,0x880c4ba,0x880c4fb,0x0
Knight_F,0x2c3,KnightDescText,Knight_F,0xc,KnightFSprite,1,0x76,0xc,23,4,3,1,8,1,10,5,60,20,20,20,20,20,20,2,80,40,30,15,28,20,25,2,1,1,1,2,0,0x0,0x0,0x0,0x0,0,Drank,Drank,0,0,0,0,0,KnightAnim|IsPointer,0x880b88a,0x880bcdb,0x880c0eb,0x880c479,0x880c4ba,0x880c4fb,0x0
General,0x2c4,0x310,General,0x9,GeneralSprite,1,0x77,0xd,26,8,4,3,13,6,15,6,60,29,27,24,30,25,25,3,75,30,20,10,23,25,20,4,2,2,3,2,3,0x0,0x1,0x0,0x0,Drank,Crank,Crank,0,0,0,0,0,0x88af060,0x880b88a,0x880bcdb,0x880c0eb,0x880c479,0x880c4ba,0x880c4fb,0x0
General_F,0x2c4,0x310,General_F,0xa,GeneralFSprite,1,0x77,0xd,26,8,5,5,11,6,11,6,60,27,28,25,29,26,25,3,75,30,25,10,23,25,20,3,2,3,2,3,3,0x0,0x1,0x0,0x0,1,71,1,0,0,0,0,0,0x88af080,0x880b88a,0x880bcdb,0x880c0eb,0x880c479,0x880c4ba,0x880c4fb,0x0
Thief,0x2c5,0x311,Thief,0x17,ThiefSprite,0,0x8e,0x7,16,3,1,9,2,5,6,6,60,20,20,20,20,20,20,2,50,5,45,40,5,25,40,0,0,0,0,0,0,0xc,0x0,0x0,0x0,1,0,0,0,0,0,0,0,0x88af0a0,0x880b9cf,0x880be20,0x880c230,0x880c479,0x880c4ba,0x880c4fb,0x0
0x0E Manakete,0x2d7,0x323,0xe,0x1f,0x9,0,0x8f,0x1f,12,0,0,2,2,2,5,8,60,20,20,20,20,20,20,2,95,40,30,20,0,10,25,0,0,0,0,0,0,0x0,0x0,0x4,0x0,0,0,0,0,0,0,0,0,0x88af0ac,0x880bb96,0x880bfe7,0x880c3f7,0x880c53c,0x880c57d,0x880c5be,0x0
Mercenary,0x2c6,0x312,Mercenary,Mercenary,MercenarySprite,0,0x90,0x3,18,4,7,7,4,4,9,5,60,20,20,20,20,20,20,2,80,40,40,32,20,25,30,0,0,0,0,0,0,0x0,0x0,0x0,0x0,31,0,0,0,0,0,0,0,0x88af0b8,0x880b849,0x880bc9a,0x880c0aa,0x880c479,0x880c4ba,0x880c4fb,0x0
Mercenary_F,0x2c6,0x312,Mercenary_F,Mercenary_F,MercenaryFSprite,0,0x90,0x3,16,4,7,7,4,4,9,5,60,20,20,20,20,20,20,2,80,40,40,32,20,25,30,0,0,0,0,0,0,0x0,0x0,0x0,0x0,31,0,0,0,0,0,0,0,MercenaryFAnim|IsPointer,0x880b849,0x880bc9a,0x880c0aa,0x880c479,0x880c4ba,0x880c4fb,0x0
Hero,0x2c7,0x313,Hero,Hero,HeroSprite,0,0x91,0x4,22,6,9,10,8,6,11,6,60,25,30,26,25,25,25,3,75,30,30,20,20,25,25,4,1,2,2,2,3,0x0,0x1,0x0,0x0,71,0,31,0,0,0,0,0,0x88af0d0,0x880b808,0x880bc59,0x880c069,0x880c479,0x880c4ba,0x880c4fb,0x0
Hero_F,0x2c7,0x313,Hero_F,Hero_F,HeroFSprite,0,0x91,0x4,22,6,10,11,6,6,9,6,60,24,30,26,24,25,25,3,75,30,30,20,20,25,25,4,1,2,2,2,3,0x0,0x1,0x0,0x0,71,0,31,0,0,0,0,0,HeroFAnim|IsPointer,0x880b808,0x880bc59,0x880c069,0x880c479,0x880c4ba,0x880c4fb,0x0
Myrmidon,0x2c8,0x314,Myrmidon,Myrmidon,MyrmidonSprite,0,0x72,0x5,16,3,8,9,1,6,8,5,60,20,20,20,20,20,20,2,70,35,40,40,15,30,30,0,0,0,0,0,0,0x0,0x0,0x2,0x0,31,0,0,0,0,0,0,0,0x88af108,0x880b849,0x880bc9a,0x880c0aa,0x880c479,0x880c4ba,0x880c4fb,0x0
Myrmidon_F,0x2c8,0x314,Myrmidon_F,Myrmidon_F,MyrmidonFSprite,0,0x72,0x5,15,3,8,9,1,6,7,5,60,20,20,20,20,20,20,2,70,35,40,40,15,30,30,0,0,0,0,0,0,0x0,0x0,0x2,0x0,31,0,0,0,0,0,0,0,0x88af114,0x880b849,0x880bc9a,0x880c0aa,0x880c479,0x880c4ba,0x880c4fb,0x0
Swordmaster,0x2c9,0x315,Swordmaster,Swordmaster,SwordmasterSprite,0,0x73,0x6,21,6,11,14,5,10,9,6,60,24,29,30,22,27,20,3,65,25,30,30,15,30,25,5,2,2,2,1,3,0x40,0x1,0x2,0x0,71,0,0,0,0,0,0,0,0x88af120,0x880b808,0x880bc59,0x880c069,0x880c479,0x880c4ba,0x880c4fb,0x0
Swordmaster_F,0x2c9,0x315,Swordmaster_F,Swordmaster_F,SwordmasterFSprite,0,0x73,0x6,19,6,11,14,4,10,7,6,60,22,29,30,22,27,20,3,65,25,30,30,15,30,25,5,2,2,2,1,3,0x40,0x1,0x2,0x0,71,0,0,0,0,0,0,0,0x88af12c,0x880b808,0x880bc59,0x880c069,0x880c479,0x880c4ba,0x880c4fb,0x0
Assassin,0x2ca,0x316,Assassin,Assassin,AssassinSprite,0,AssassinCard,0x8,19,5,12,15,3,11,5,6,60,25,30,30,20,27,20,3,65,20,45,40,15,30,40,4,3,3,2,0,2,0x8,0x1,0x2,0x2,31,0,0,0,0,0,0,0,0x88af138,0x880b9cf,0x880be20,0x880c230,0x880c479,0x880c4ba,0x880c4fb,0x0
Assassin_F,0x2ca,0x316,Assassin_F,Assassin_F,AssassinFSprite,0,AssassinCard,0x8,19,5,12,15,3,11,5,6,60,25,30,30,20,27,20,3,65,20,45,40,15,30,40,3,2,2,1,2,2,0x8,0x1,0x2,0x2,31,0,0,0,0,0,0,0,0x88af144,0x880b9cf,0x880be20,0x880c230,0x880c479,0x880c4ba,0x880c4fb,0x0
Archer,0x2cb,0x317,Archer,Archer,ArcherSprite,0,0x78,0xa,18,4,3,3,3,4,7,5,60,20,20,20,20,20,20,2,70,35,40,32,15,20,35,0,0,0,0,0,0,0x80,0x0,0x0,0x0,0,0,0,31,0,0,0,0,0x88af150,0x880b849,0x880bc9a,0x880c0aa,0x880c479,0x880c4ba,0x880c4fb,0x0
Archer_F,0x2cb,0x317,Archer_F,Archer_F,ArcherFSprite,0,0x78,0xa,17,3,3,4,3,4,5,5,60,20,20,20,20,20,20,2,70,35,40,32,15,20,35,0,0,0,0,0,0,0x80,0x0,0x0,0x0,0,0,0,31,0,0,0,0,0x88af168,0x880b849,0x880bc9a,0x880c0aa,0x880c479,0x880c4ba,0x880c4fb,0x0
Sniper,0x2cc,0x318,Sniper,Sniper,SniperSprite,0,0x79,0xb,21,7,6,5,5,6,8,6,60,25,30,28,25,24,20,3,65,30,30,20,15,20,30,3,1,2,2,2,3,0x80,0x1,0x0,0x0,0,0,0,71,0,0,0,0,0x88af180,0x880b808,0x880bc59,0x880c069,0x880c479,0x880c4ba,0x880c4fb,0x0
Sniper_F,0x2cc,0x318,Sniper_F,Sniper_F,SniperFSprite,0,0x79,0xb,19,6,6,7,5,6,6,6,60,24,30,29,24,24,20,3,65,30,30,20,15,20,30,4,3,1,1,2,2,0x80,0x1,0x0,0x0,0,0,0,71,0,0,0,0,0x88af198,0x880b808,0x880bc59,0x880c069,0x880c479,0x880c4ba,0x880c4fb,0x0
Ranger,0x2cd,0x319,Ranger,Ranger,RangerSprite,0,0x97,0xc,21,7,6,7,6,8,9,7,60,25,28,30,24,26,25,3,60,25,30,35,15,25,25,4,3,1,1,2,4,MountedAid|HasCanto,IsPromoted|HorseIcon,0x0,0x0,31,0,0,31,0,0,0,0,0x88af1b0,0x880bb55,0x880bfa6,0x880c3b6,0x880c479,0x880c4ba,0x880c4fb,0x0
Ranger_F,0x2cd,0x319,Ranger_F,Ranger_F,RangerFSprite,0,0x97,0xc,21,6,6,7,5,8,8,7,60,23,28,30,22,26,25,3,60,25,30,35,15,25,25,4,3,1,1,2,4,MountedAid|HasCanto,IsPromoted|HorseIcon,0x0,0x0,31,0,0,31,0,0,0,0,0x88af1c0,0x880bb55,0x880bfa6,0x880c3b6,0x880c479,0x880c4ba,0x880c4fb,0x0
WyvernRider,0x2ce,0x31a,WyvernRider,WyvernRider,WyvernRiderSprite,0,0x88,0xd,20,7,3,5,8,0,10,7,60,20,20,20,20,20,25,2,80,45,35,30,25,15,25,0,0,0,0,0,0,0x3,0x8,0x0,0x0,0,31,0,0,0,0,0,0,0x88af1d0,0x880bb96,0x880bfe7,0x880c3f7,0x880c53c,0x880c57d,0x880c5be,0x0
WyvernRider_F,0x2ce,0x31a,WyvernRider_F,WyvernRider_F,WyvernRiderFSprite,0,0x88,0xd,19,6,5,5,7,0,9,7,60,20,20,20,20,20,25,2,80,45,35,30,25,15,25,0,0,0,0,0,0,0x3,0x8,0x0,0x0,0,31,0,0,0,0,0,0,0x88af1dc,0x880bb96,0x880bfe7,0x880c3f7,0x880c53c,0x880c57d,0x880c5be,0x0
WyvernLord,0x2cf,0x31b,WyvernLord,WyvernLord,WyvernLordSprite,0,0x89,0xe,25,9,5,7,10,2,11,8,60,27,25,23,28,23,25,3,75,40,30,20,20,15,20,4,2,2,0,2,1,0x3,0x9,0x40,0x0,Drank,Crank,0,0,0,0,0,0,0x88af1e8,0x880bb96,0x880bfe7,0x880c3f7,0x880c53c,0x880c57d,0x880c5be,0x0
WyvernLord_F,0x2cf,0x31b,WyvernLord_F,WyvernLord_F,WyvernLordFSprite,0,0x89,0xe,24,8,7,7,9,2,10,8,60,25,26,24,27,23,25,3,75,40,30,20,20,15,20,4,2,2,0,2,1,0x3,0x9,0x40,0x0,Drank,Crank,0,0,0,0,0,0,0x88af1f8,0x880bb96,0x880bfe7,0x880c3f7,0x880c53c,0x880c57d,0x880c5be,0x0
WyvernKnight,WyvernKnightNameText,0x31c,WyvernKnight,WyvernKnight,WyvernKnightSprite,0,0x93,0xf,20,7,7,8,7,4,10,8,60,25,26,28,24,24,25,3,65,35,30,30,15,20,25,3,2,2,2,1,2,0x3,0x9,0x0,0x0,0,71,0,0,0,0,0,0,0x88af208,0x880bb96,0x880bfe7,0x880c3f7,0x880c53c,0x880c57d,0x880c5be,0x0
WyvernKnight_F,WyvernKnightNameText,0x31c,WyvernKnight_F,WyvernKnight_F,WyvernKnightFSprite,0,0x93,0xf,19,6,8,9,6,4,9,8,60,24,27,29,23,24,25,3,65,35,30,30,15,20,25,3,2,2,2,1,2,0x3,0x9,0x0,0x0,0,71,0,0,0,0,0,0,0x88af214,0x880bb96,0x880bfe7,0x880c3f7,0x880c53c,0x880c57d,0x880c5be,0x0
Mage,0x2d1,0x31d,Mage,Mage,MageSprite,0,0x7c,0x12,16,1,2,3,3,2,6,5,60,20,20,20,20,20,20,2,45,10,40,35,5,20,30,0,0,1,2,1,2,0x0,0x0,0x0,0x0,0,0,0,0,0,31,0,0,0x88af220,0x880ba10,0x880be61,0x880c271,0x880c479,0x880c4ba,0x880c4fb,0x0
Mage_F,0x2d1,0x31d,Mage_F,Mage_F,MageFSprite,0,0x7c,0x12,16,1,3,2,2,2,3,5,60,20,20,20,20,20,20,2,45,10,40,35,5,20,30,0,0,0,0,0,0,0x0,0x0,0x0,0x0,0,0,0,0,0,31,0,0,0x88af234,0x880ba10,0x880be61,0x880c271,0x880c479,0x880c4ba,0x880c4fb,0x0
Sage,0x2d2,0x31e,Sage,Sage,SageSprite,0,0x7d,0x13,20,3,4,4,5,4,7,6,60,21,30,26,21,25,20,3,45,10,30,25,10,20,15,4,2,1,0,3,1,0x0,0x1,0x0,0x0,0,0,0,0,Drank,Crank,Crank,0,0x88af248,0x880ba10,0x880be61,0x880c271,0x880c479,0x880c4ba,0x880c4fb,0x0
Sage_F,0x2d2,0x31e,Sage_F,Sage_F,SageFSprite,0,0x7d,0x13,19,3,6,5,3,4,4,6,60,21,28,26,21,25,20,3,45,10,30,25,10,20,15,4,2,1,0,3,1,0x0,0x1,0x0,0x0,0,0,0,0,Drank,Crank,Crank,0,0x88af260,0x880ba10,0x880be61,0x880c271,0x880c479,0x880c4ba,0x880c4fb,0x0
MageKnight,0x2d3,MageKnightDescText,MageKnight,MageKnight,MageKnightSprite,0,0x95,0x14,20,4,3,5,5,5,8,7,60,24,26,25,24,25,25,3,50,20,30,40,15,23,30,4,2,1,0,3,2,0x3,0x5,0x0,0x0,Drank,0,0,0,Drank,Crank,0,0,MageKnightMAnim|IsPointer,0x880bad3,0x880bf24,0x880c334,0x880c479,0x880c4ba,0x880c4fb,0x0
MageKnight_F,0x2d3,MageKnightDescText,MageKnight_F,MageKnight_F,MageKnightFSprite,0,0x95,0x14,19,4,3,6,3,5,6,7,60,24,24,25,24,25,25,3,50,20,30,40,15,23,40,4,2,1,0,3,2,0x3,0x5,0x0,0x0,Drank,0,0,0,Drank,Crank,0,0,MageKnightFAnim|IsPointer,0x880bad3,0x880bf24,0x880c334,0x880c479,0x880c4ba,0x880c4fb,0x0
Bishop,0x2d4,0x320,Bishop,Bishop,BishopSprite,0,0x7b,0x18,21,4,1,4,3,10,7,6,60,20,26,24,22,30,20,3,45,5,25,22,8,50,40,3,1,1,1,2,3,0x0,0x1,0x0,0x0,0,0,0,0,71,0,31,0,0x88af2a8,0x880ba10,0x880be61,0x880c271,0x880c479,0x880c4ba,0x880c4fb,0x0
Bishop_F,0x2d4,0x320,Bishop_F,Bishop_F,BishopFSprite,0,0x7b,0x18,19,4,1,4,2,10,5,6,60,20,25,26,21,30,20,3,45,5,25,22,8,50,40,3,1,1,1,2,3,0x0,0x1,0x0,0x0,0,0,0,0,71,0,31,0,0x88af2c0,0x880ba10,0x880be61,0x880c271,0x880c479,0x880c4ba,0x880c4fb,0x0
Shaman,0x2e1,0x32c,Shaman,Shaman,ShamanSprite,1,0x7e,0x1b,16,2,2,2,2,6,7,5,60,20,20,20,20,20,20,2,50,10,32,30,10,30,20,0,0,0,0,0,0,0x0,0x0,0x0,0x0,0,0,0,0,0,0,0,31,0x88af2d8,0x880ba10,0x880be61,0x880c271,0x880c479,0x880c4ba,0x880c4fb,0x0
Shaman_F,0x2e1,0x32c,Shaman_F,Shaman_F,ShamanFSprite,1,0x7e,0x1b,15,2,2,1,1,6,3,5,60,20,20,20,20,20,20,2,50,10,32,30,10,30,20,0,0,0,0,0,0,0x0,0x0,0x0,0x0,0,0,0,0,0,0,0,31,0x88af2ec,0x880ba10,0x880be61,0x880c271,0x880c479,0x880c4ba,0x880c4fb,0x0
Druid,0x2e2,0x32d,Druid,Druid,DruidSprite,1,0x7f,0x1c,19,3,3,4,4,7,8,6,60,22,26,26,21,27,20,3,45,10,30,25,10,30,20,3,1,1,1,2,2,0x0,0x1,0x0,0x0,0,0,0,0,Drank,Crank,0,Crank,0x88af300,0x880ba10,0x880be61,0x880c271,0x880c479,0x880c4ba,0x880c4fb,0x0
Druid_F,0x2e2,0x32d,Druid_F,Druid_F,DruidFSprite,1,0x7f,0x1c,17,3,3,4,3,7,4,6,60,22,26,26,20,27,20,3,45,10,30,25,10,30,20,3,1,1,1,2,2,0x0,0x1,0x0,0x0,0,0,0,0,Drank,Crank,0,Crank,0x88af318,0x880ba10,0x880be61,0x880c271,0x880c479,0x880c4ba,0x880c4fb,0x0
Summoner,0x2e3,0x32e,Summoner,Summoner,SummonerSprite,0,0x7f,0x1d,18,3,3,4,3,7,8,6,60,22,27,26,20,27,20,3,45,10,30,25,8,30,20,2,1,2,1,1,3,0x0,0x1,0x0,0x8,0,0,0,0,Drank,0,0,Crank,0x88af330,0x880ba10,0x880be61,0x880c271,0x880c479,0x880c4ba,0x880c4fb,0x0
Summoner_F,0x2e3,0x32e,Summoner_F,Summoner_F,SummonerFSprite,0,0x7f,0x1d,18,3,3,4,3,7,4,6,60,22,27,26,20,27,20,3,45,10,30,25,8,30,20,2,1,2,1,1,3,0x0,0x1,0x0,0x8,0,0,0,0,Drank,0,0,Crank,0x88af348,0x880ba10,0x880be61,0x880c271,0x880c479,0x880c4ba,0x880c4fb,0x0
Rogue,0x2db,0x326,Rogue,Rogue,RogueSprite,0,0x94,0x9,16,3,5,9,2,3,7,6,60,20,30,30,20,20,20,3,60,25,40,40,20,20,40,2,1,1,1,2,3,0xc,0x1,0x0,0x0,1,0,0,0,0,0,0,0,0x88af360,0x880b9cf,0x880be20,0x880c230,0x880c479,0x880c4ba,0x880c4fb,0x0
GorgonEgg,0x300,0x34c,GorgonEgg,GorgonEgg,0x2a,0,0xa6,0x0,50,0,0,0,10,10,6,0,60,30,30,30,30,30,30,2,100,0,0,0,0,0,0,0,0,0,0,0,0,0x0,0x0,0x0,0x0,0,0,0,0,0,0,0,0,0x0,0x0,0x0,0x0,0x880c479,0x880c4ba,0x880c4fb,0x0
GreatKnight,0x2e0,0x32b,GreatKnight,GreatKnight,GreatKnightSprite,1,0x96,0x22,21,8,4,6,11,4,13,7,60,28,24,24,29,25,25,3,70,30,20,15,21,20,20,3,2,1,2,2,2,0x3,0x5,0x0,0x0,Drank,Crank,Drank,0,0,0,0,0,0x88af36c,0x880bad3,0x880bf24,0x880c334,0x880c479,0x880c4ba,0x880c4fb,0x0
GreatKnight_F,0x2e0,0x32b,GreatKnight_F,GreatKnight_F,GreatKnightFSprite,1,0x96,0x22,20,6,6,7,9,4,10,7,60,26,26,25,28,25,25,3,70,30,25,20,21,20,20,3,2,1,2,2,2,0x3,0x5,0x0,0x0,Drank,Crank,Drank,0,0,0,0,0,0x88af36c,0x880bad3,0x880bf24,0x880c334,0x880c479,0x880c4ba,0x880c4fb,0x0
Fighter,0x2dc,0x327,Fighter,Fighter,FighterSprite,0,0x74,0x23,20,5,2,4,2,2,11,5,60,20,20,20,20,20,20,2,85,55,35,30,15,15,15,0,0,0,0,0,0,0x0,0x0,0x0,0x0,0,0,31,0,0,0,0,0,0x88af434,0x880b8cb,0x880bd1c,0x880c12c,0x880c479,0x880c4ba,0x880c4fb,0x0
Warrior,0x2dd,0x328,Warrior,Warrior,WarriorSprite,0,0x75,0x25,28,8,5,6,5,3,13,6,60,30,28,26,26,22,25,3,80,45,25,20,16,15,15,3,2,1,2,3,2,0x0,0x1,0x0,0x0,0,0,Crank,Drank,0,0,0,0,0x88af44c,0x880b8cb,0x880bd1c,0x880c12c,0x880c479,0x880c4ba,0x880c4fb,0x0
Brigand,0x2de,0x329,Brigand,Brigand,BrigandSprite,0,0x8b,0x0,20,5,1,5,3,4,12,5,60,20,20,20,20,20,20,2,82,50,30,20,10,20,15,0,0,0,0,0,0,0x0,0x0,0x0,0x0,0,0,31,0,0,0,0,0,0x88af468,0x880b94d,0x880bd9e,0x880c1ae,0x880c479,0x880c4ba,0x880c4fb,0x0
Pirate,0x2ee,0x33a,Pirate,Pirate,PirateSprite,0,PirateCard,0x24,19,4,2,6,3,5,10,5,60,20,20,20,20,20,20,2,75,50,35,25,10,30,15,0,0,0,0,0,0,0x0,0x0,0x0,0x0,0,0,31,0,0,0,0,0,PirateAnim|IsPointer,0x880b98e,0x880bddf,0x880c1ef,0x880c479,0x880c4ba,0x880c4fb,0x0
Berserker,0x2df,0x32a,Berserker,Berserker,BerserkerSprite,0,0x8d,0x26,24,7,6,7,6,7,13,6,60,30,29,28,23,26,25,3,75,50,35,25,10,30,15,4,1,1,1,2,3,0x40,0x1,0x0,0x0,0,0,71,0,0,0,0,0,0x88af498,0x880b90c,0x880bd5d,0x880c16d,0x880c479,0x880c4ba,0x880c4fb,0x0
Monk,0x2e4,0x32f,Monk,Monk,MonkSprite,0,0x7a,0x17,18,1,0,2,1,6,6,5,60,20,20,20,20,20,20,2,50,5,35,32,10,45,45,0,0,0,0,0,0,0x0,0x0,0x0,0x0,0,0,0,0,Drank,0,Drank,0,MonkMAnim|IsPointer,0x880ba10,0x880be61,0x880c271,0x880c479,0x880c4ba,0x880c4fb,0x0
Priest,0x2e6,0x330,Priest,Priest,PriestSprite,0,0x7a,0x15,18,1,0,2,1,5,5,5,60,20,20,20,20,20,20,2,50,5,35,32,8,50,45,0,0,0,0,0,0,0x0,0x0,0x0,0x0,0,0,0,0,31,0,0,0,0x88af4c4,0x880ba10,0x880be61,0x880c271,0x880c479,0x880c4ba,0x880c4fb,0x0
Bard,0x2e5,0x331,Bard,Bard,BardSprite,0,0x8b,0x0,14,1,2,7,1,0,6,5,60,10,10,30,24,26,20,2,45,45,30,60,0,13,70,0,0,0,0,0,0,0x20,0x0,0x0,0x0,0,0,0,0,0,0,0,0,0x0,0x880b849,0x880bc9a,0x880c0aa,0x880c479,0x880c4ba,0x880c4fb,0x0
PegasusKnight,0x2e7,0x333,PegasusKnight,PegasusKnight,PegasusKnightSprite,0,0x86,0x10,14,4,5,5,3,6,5,7,60,20,20,20,20,20,25,2,65,35,40,40,15,40,35,0,0,0,0,0,0,0x3,0x10,0x0,0x0,0,31,0,0,0,0,0,0,0x88af4dc,0x880bb96,0x880bfe7,0x880c3f7,0x880c53c,0x880c57d,0x880c5be,0x0
Falcoknight,0x2e8,0x334,Falcoknight,Falcoknight,FalcoknightSprite,0,0x87,0x11,20,6,7,7,5,8,6,8,60,23,25,28,23,27,25,3,60,30,30,30,12,45,30,5,2,0,2,2,4,0x3,0x11,0x40,0x0,Drank,Crank,0,0,0,0,0,0,0x88af4e8,0x880bb96,0x880bfe7,0x880c3f7,0x880c53c,0x880c57d,0x880c5be,0x0
Cleric,0x2e9,0x335,Cleric,Cleric,ClericSprite,0,0x7a,0x16,16,1,0,2,0,6,4,5,60,20,20,20,20,20,20,2,50,5,35,32,8,50,45,0,0,0,0,0,0,0x0,0x0,0x0,0x0,0,0,0,0,31,0,0,0,0x88af4f8,0x880ba10,0x880be61,0x880c271,0x880c479,0x880c4ba,0x880c4fb,0x0
Troubadour,0x2ea,0x336,Troubadour,Troubadour,TroubadourSprite,0,0x82,0x19,15,1,2,3,4,7,5,7,60,20,20,20,20,20,25,2,50,20,35,55,15,40,45,0,0,0,0,0,0,0x3,0x4,0x0,0x0,0,0,0,0,31,0,0,0,0x88af504,0x880ba92,0x880bee3,0x880c2f3,0x880c479,0x880c4ba,0x880c4fb,0x0
Valkyrie,0x2eb,0x337,Valkyrie,Valkyrie,ValkyrieSprite,0,0x83,0x1a,19,4,4,5,5,9,6,7,60,23,24,25,24,28,25,3,45,20,25,45,15,45,40,3,1,1,0,2,3,0x3,0x5,0x0,0x0,0,0,0,0,Crank,Drank,Drank,0,ValkyrieAnim|IsPointer,0x880bad3,0x880bf24,0x880c334,0x880c479,0x880c4ba,0x880c4fb,0x0
Dancer,0x2ec,0x338,Dancer,Dancer,DancerSprite,0,0x8b,0x2a,14,1,2,7,0,1,4,5,60,10,10,30,24,26,20,2,45,45,30,60,0,13,70,0,0,0,0,0,0,0x10,0x0,0x0,0x0,0,0,0,0,0,0,0,0,0x88af528,0x880b849,0x880bc9a,0x880c0aa,0x880c479,0x880c4ba,0x880c4fb,0x0
Soldier,0x2ed,0x339,Soldier,Soldier,SoldierSprite,0,0x8a,0x0,22,5,4,3,4,3,8,5,60,20,20,20,20,20,20,2,80,50,35,30,20,20,25,2,2,1,1,2,3,0x0,0x0,0x0,0x0,0,1,0,0,0,0,0,0,0x88af53c,0x880b849,0x880bc9a,0x880c0aa,0x880c479,0x880c4ba,0x880c4fb,0x0
Necromancer,MagusNameText,DarkMagusDescText,Necromancer,Necromancer,NecromancerSprite,0,0x7f,0x2b,18,9,3,5,3,8,7,6,80,22,25,25,30,30,25,3,45,15,30,25,10,35,20,0,0,0,0,0,0,0x0,0x1,0x0,0x8,0,0,0,0,251,0,0,251,0x88af548,0x880ba10,0x880be61,0x880c271,0x880c479,0x880c4ba,0x880c4fb,0x0
Fleet,0x2f0,0x33c,Fleet,Fleet,FleetSprite,0,0x92,0x0,19,1,1,2,5,0,25,3,60,20,20,20,30,20,25,3,75,35,40,32,15,15,15,0,0,0,0,0,0,0x0,0x0,0x0,0x0,0,0,0,71,0,0,0,0,0x0,0x880b98e,0x880bddf,0x880c1ef,0x880c479,0x880c4ba,0x880c4fb,0x0
Phantom,0x2f1,0x33d,Phantom,Phantom,PhantomSprite,0,0x98,0x1e,1,5,2,4,0,0,11,5,1,20,20,20,0,0,20,2,0,55,35,45,15,15,50,0,0,0,0,0,0,0x0,0x0,0x0,0x0,0,0,71,0,0,0,0,0,PhantomAnim|IsPointer,0x880bb96,0x880bfe7,0x880c3f7,0x880c53c,0x880c57d,0x880c5be,0x0
Patriarch,PatriarchNameText,PatriarchMatriarchDescText,Patriarch,Patriarch,PatriarchSprite,0,0x99,0x0,21,1,2,4,4,3,8,7,60,22,25,26,24,22,30,3,65,5,35,25,22,10,40,3,2,2,2,2,4,0x3,IsPromoted,0x0,0x0,0,0,0,0,Crank,0,Arank,0,PatriarchAnim|IsPointer,0x880ba10,0x880be61,0x880c271,0x880c479,0x880c4ba,0x880c4fb,0x0
Matriarch,MatriarchNameText,PatriarchMatriarchDescText,Matriarch,Matriarch,MatriarchSprite,0,0x9a,0x0,19,1,2,5,4,2,9,7,60,22,25,25,26,21,30,3,65,5,35,25,22,10,50,3,2,1,2,2,4,0x3,IsPromoted|IsFemale,0x0,0x0,0,0,0,0,Crank,0,Arank,0,MatriarchAnim|IsPointer,0x880ba10,0x880be61,0x880c271,0x880c479,0x880c4ba,0x880c4fb,0x0
DarkKnightM,DarkKnightNameText,DarkKnightDescText,DarkKnightM,DarkKnightM,DarkKnightSprite,0,0x9b,0x0,21,3,4,6,6,9,11,7,60,24,25,25,25,30,25,3,70,20,27,25,17,45,25,4,2,1,2,3,2,0x3,IsPromoted|HorseIcon,0x0,0x0,Drank,0,0,0,Drank,0,0,Arank,DarkKnightAnim|IsPointer,0x880bad3,0x880bf24,0x880c334,0x880c479,0x880c4ba,0x880c4fb,0x0
DarkKnightF,DarkKnightNameText,DarkKnightDescText,DarkKnightF,DarkKnightF,DarkKnightFSprite,0,0x9b,0x0,19,3,4,5,3,6,4,7,60,24,28,26,21,25,20,3,45,20,30,25,10,40,15,4,2,1,2,3,2,0x3,IsPromoted|HorseIcon,0x0,0x0,Drank,0,0,0,Drank,0,0,Arank,DarkKnightAnim|IsPointer,0x880ba10,0x880be61,0x880c271,0x880c479,0x880c4ba,0x880c4fb,0x0
Magus,MagusNameText,MagusDescText,Magus,Magus,MagusSprite,0,0x9c,0x0,20,5,2,4,5,5,7,6,60,22,30,26,21,25,20,3,45,10,30,25,10,40,15,3,1,1,1,1,3,0x3,IsPromoted,0x0,0x0,0,0,0,0,Erank,Arank,Drank,0,MagusMAnim|IsPointer,0x880ba10,0x880be61,0x880c271,0x880c479,0x880c4ba,0x880c4fb,0x0
MagusF,MagusNameText,MagusDescText,MagusF,MagusF,MagusFSprite,0,0x9c,0x0,19,4,2,5,3,6,4,6,60,22,28,26,21,25,20,3,45,10,30,25,10,40,15,3,1,1,1,1,3,0x3,IsPromoted,0x0,0x0,0,0,0,0,Erank,Arank,Drank,0,MagusFAnim|IsPointer,0x880ba10,0x880be61,0x880c271,0x880c479,0x880c4ba,0x880c4fb,0x0
MasterKnightF,MasterKnightNameText,MasterKnightDescText,MasterKnightF,MasterKnightF,GoldKnightSprite,0,0x9d,0x0,23,6,6,11,7,6,9,7,60,23,27,25,24,26,25,3,70,25,35,25,12,25,25,3,1,2,2,1,4,0x3,IsPromoted|HorseIcon,0x0,0x0,Brank,Arank,Crank,0,0,0,0,0,MasterKnightAnim|IsPointer,0x880bad3,0x880bf24,0x880c334,0x880c479,0x880c4ba,0x880c4fb,0x0
Baron,BaronNameText,BaronDescText,Baron,Baron,CommanderSprite,1,0x9e,0x0,21,8,4,3,13,3,15,6,60,29,27,24,30,25,25,3,75,30,20,10,23,25,20,5,2,1,0,3,2,0x0,IsPromoted,0x0,0x0,Crank,Arank,Crank,0,0,0,0,0,CommanderAnim|IsPointer,0x880b88a,0x880bcdb,0x880c0eb,0x880c479,0x880c4ba,0x880c4fb,0x0
ImpalerM,ImpalerNameText,ImpalerDescText,ImpalerM,ImpalerM,ImpalerSprite,0,0x9f,0x0,18,6,5,6,4,4,12,6,60,25,30,30,25,25,25,3,70,20,30,30,13,28,25,2,2,2,3,1,2,CritBoost,IsPromoted,0x0,0x0,0,Arank,0,0,0,0,0,0,ImpalerMAnim|IsPointer,0x880b849,0x880bc9a,0x880c0aa,0x880c479,0x880c4ba,0x880c4fb,0x0
WyvernGeneral,WyvernGeneralNameText,WyvernGeneralDescText,WyvernGeneral,WyvernGeneral,WyvernGeneralSprite,0,0xa0,0x0,25,9,5,7,10,1,11,8,60,27,25,23,28,22,25,3,75,40,30,20,20,17,20,4,3,1,1,2,0,0x3,IsPromoted|DragonIcon,0x0,0x0,0,Arank,Crank,0,0,0,0,0,WyvernGeneralAnim|IsPointer,0x880bb96,0x880bfe7,0x880c3f7,0x880c53c,0x880c57d,0x880c5be,0x0
MarksmanM,MarksmanNameText,MarksmanDescText,MarksmanM,MarksmanM,MarksmanSprite,0,0xa1,0x0,19,6,6,7,5,3,9,6,60,24,30,29,24,24,20,3,65,30,30,20,15,25,30,3,2,2,2,1,2,0x0,IsPromoted,0x0,0x0,Crank,0,0,Arank,0,0,0,0,MarksmanAnim|IsPointer,0x880bb55,0x880bfa6,0x880c3b6,0x880c479,0x880c4ba,0x880c4fb,0x0
MasterKnightM,MasterKnightNameText,MasterKnightDescText,MasterKnightM,MasterKnightM,GoldKnightSprite,0,0xa2,0x0,23,7,4,7,8,3,11,7,60,25,26,24,25,25,25,3,70,25,30,18,12,20,25,3,1,2,2,1,4,0x3,IsPromoted|HorseIcon,0x0,0x0,Brank,Arank,Crank,0,0,0,0,0,MasterKnightAnim|IsPointer,0x880bad3,0x880bf24,0x880c334,0x880c479,0x880c4ba,0x880c4fb,0x0
ChampionM,ChampionNameText,ChampionDescText,ChampionM,ChampionM,ChampionSprite,0,0xa3,0x0,22,6,9,10,8,2,11,6,60,25,30,26,25,22,25,3,75,30,30,20,20,20,25,2,2,1,2,2,2,0x0,IsPromoted,0x0,0x0,Arank,0,Crank,0,0,0,0,0,ChampionMAnim|IsPointer,0x880b808,0x880bc59,0x880c069,0x880c479,0x880c4ba,0x880c4fb,0x0
TruebladeF,TruebladeNameText,TruebladeDescText,TruebladeF,TruebladeF,TruebladeFSprite,0,0xa4,0x0,22,6,10,11,6,3,9,6,60,24,30,26,24,24,25,3,75,30,30,20,20,20,25,1,2,2,3,1,3,CritBoost,IsPromoted,0x0,0x0,Arank,0,0,Crank,0,0,0,0,TruebladeFAnim|IsPointer,0x880b808,0x880bc59,0x880c069,0x880c479,0x880c4ba,0x880c4fb,0x0
TruebladeM,TruebladeNameText,TruebladeDescText,TruebladeM,TruebladeM,TruebladeSprite,0,0xa5,0x0,21,6,11,10,5,2,9,6,60,24,29,30,22,23,20,3,65,25,30,30,15,22,25,4,2,3,3,2,2,0x0,IsPromoted,0x2,0x0,Arank,0,0,0,0,0,0,0,TruebladeMAnim|IsPointer,0x880b808,0x880bc59,0x880c069,0x880c479,0x880c4ba,0x880c4fb,0x0
MountedBrigand,MountedBrigandNameText,MountedBrigandDescText,MountedBrigand,MountedBrigand,MountedBrigandSprite,0,0xa6,0x0,24,7,6,7,4,1,15,7,60,25,26,28,25,20,25,3,80,35,25,35,20,15,20,5,2,1,2,3,1,MountedAid|HasCanto,IsPromoted|HorseIcon,0x0,0x0,0,0,Arank,Brank,0,0,0,0,MountedBrigandAnim|IsPointer,0x880b90c,0x880bd5d,0x880c16d,0x880c479,0x880c4ba,0x880c4fb,0x0
Gladiator,GladiatorNameText,GladiatorDescText,Gladiator,Gladiator,BerserkerSprite,0,0xa7,0x0,24,7,6,7,6,0,13,6,60,30,29,28,23,21,25,3,75,50,35,25,10,13,15,4,3,1,2,2,3,0x0,IsPromoted,0x0,0x0,Crank,0,Arank,0,0,0,0,0,GladiatorAnim|IsPointer,0x880b808,0x880bc59,0x880c069,0x880c479,0x880c4ba,0x880c4fb,0x0
SeraphKnight,SeraphKnightNameText,SeraphKnightDescText,SeraphKnight,SeraphKnight,SeraphKnightSprite,0,0xa8,0x0,14,4,5,5,3,2,5,8,60,25,28,28,20,28,25,3,65,35,40,40,12,35,35,3,2,2,3,2,3,0x3,IsPromoted|PegIcon,0x0,0x0,Drank,Arank,0,0,Drank,Drank,0,0,SeraphKnightAnim|IsPointer,0x880bb96,0x880bfe7,0x880c3f7,0x880c53c,0x880c57d,0x880c5be,0x0
0x67 Archer on Ballista,0x0,0x0,0x67,0x0,ArcherOnBallistaSprite,0,0x0,0x0,0,0,0,0,0,0,0,0,0,0,0,0,0,0,0,3,0,0,0,0,0,10,0,0,0,0,0,0,0,0x0,0x0,0x0,0x0,0,0,0,0,0,0,0,0,0x0,0x0,0x0,0x0,0x880c479,0x880c4ba,0x880c4fb,0x0
0x68 Archer on Iron Ballista,0x0,0x0,0x68,0x0,ArcherOnIronBallistaSprite,0,0x0,0x0,0,0,0,0,0,0,0,0,0,0,0,0,0,0,0,0,0,0,0,0,0,0,0,0,0,0,0,0,0,0x0,0x0,0x0,0x0,0,0,0,0,0,0,0,0,0x0,0x0,0x0,0x0,0x880c479,0x880c4ba,0x880c4fb,0x0
0x69 Archer on Killer Ballista,0x0,0x0,0x69,0x0,ArcherOnKillerBallistaSprite,0,0x0,0x0,0,0,0,0,0,0,0,0,0,0,0,0,0,0,0,0,0,0,0,0,0,0,0,0,0,0,0,0,0,0x0,0x0,0x0,0x0,0,0,0,0,0,0,0,0,0x0,0x0,0x0,0x0,0x880c479,0x880c4ba,0x880c4fb,0x0
0x6A Ballista,0x0,0x0,0x6a,0x0,BallistaSprite,0,0x0,0x0,0,0,0,0,0,0,0,0,0,0,0,0,0,0,0,0,0,0,0,0,0,0,0,0,0,0,0,0,0,0x0,0x0,0x0,0x0,0,0,0,0,0,0,0,0,0x0,0x0,0x0,0x0,0x880c479,0x880c4ba,0x880c4fb,0x0
0x6B Iron Ballista,0x0,0x0,0x6b,0x0,IronBallistaSprite,0,0x0,0x0,0,0,0,0,0,0,0,0,0,0,0,0,0,0,0,0,0,0,0,0,0,0,0,0,0,0,0,0,0,0x0,0x0,0x0,0x0,0,0,0,0,0,0,0,0,0x0,0x0,0x0,0x0,0x880c479,0x880c4ba,0x880c4fb,0x0
0x6C Killer Ballista,0x0,0x0,0x6c,0x0,KillerBallistaSprite,0,0x0,0x0,0,0,0,0,0,0,0,0,0,0,0,0,0,0,0,0,0,0,0,0,0,0,0,0,0,0,0,0,0,0x0,0x0,0x0,0x0,0,0,0,0,0,0,0,0,0x0,0x0,0x0,0x0,0x880c479,0x880c4ba,0x880c4fb,0x0
0x6D Civilian,LostSoulNameText,LostSoulDescText,0x6d,0x0,Civilian1Sprite,0,0x0,0x0,8,1,0,0,0,0,4,5,60,20,20,20,20,20,20,1,10,0,0,0,0,10,0,0,0,0,0,0,0,0x0,0x0,0x0,0x0,0,0,0,0,0,0,0,0,0x0,0x880ba51,0x880bea2,0x880c2b2,0x880c479,0x880c4ba,0x880c4fb,0x0
0x6E Civilian (F),LostSoulNameText,LostSoulDescText,0x6e,0x0,Civilian2Sprite,0,0x0,0x0,7,0,0,0,0,1,3,5,60,20,20,20,20,20,20,1,10,0,0,0,0,10,0,0,0,0,0,0,0,0x0,0x0,0x0,0x0,0,0,0,0,0,0,0,0,0x0,0x880ba51,0x880bea2,0x880c2b2,0x880c479,0x880c4ba,0x880c4fb,0x0
0x6F Civilian,0x305,0x351,0x6f,0x0,Civilian3Sprite,0,0x59,0x0,10,0,1,0,0,2,6,5,60,20,20,20,20,20,20,1,10,0,0,0,0,10,0,0,0,0,0,0,0,0x0,0x0,0x0,0x0,0,0,0,0,0,0,0,0,0x0,0x880ba51,0x880bea2,0x880c2b2,0x880c479,0x880c4ba,0x880c4fb,0x0
0x70 Civilian (F),0x305,0x351,0x70,0x0,Civilian4Sprite,0,0x62,0x0,9,0,1,0,0,1,4,5,60,20,20,20,20,20,20,1,10,0,0,0,0,10,0,0,0,0,0,0,0,0x0,0x0,0x0,0x0,0,0,0,0,0,0,0,0,0x0,0x880ba51,0x880bea2,0x880c2b2,0x880c479,0x880c4ba,0x880c4fb,0x0
MageM2,0x2d1,0x31d,MageM2,0x27,MageSprite,0,0x80,0x12,16,1,2,3,3,3,6,5,60,20,20,20,20,20,20,2,55,10,40,35,5,30,20,0,0,0,0,0,0,0x0,0x0,0x0,0x0,0,0,0,0,0,31,0,0,0x88af220,0x880ba10,0x880be61,0x880c271,0x880c479,0x880c4ba,0x880c4fb,0x0
MageF2,0x2d1,0x31d,MageF2,0x28,MageFSprite,0,0x80,0x12,16,1,3,2,2,4,3,5,60,20,20,20,20,20,20,2,55,10,40,35,5,40,20,0,0,0,0,0,0,0x0,0x0,0x0,0x0,0,0,0,0,0,31,0,0,0x88af234,0x880ba10,0x880be61,0x880c271,0x880c479,0x880c4ba,0x880c4fb,0x0
ShamanM2,0x2e1,0x32c,ShamanM2,0x2f,ShamanSprite,1,0x80,0x1b,16,2,1,2,2,4,7,5,60,20,20,20,20,20,20,2,50,15,32,30,10,30,20,0,0,0,0,0,0,0x0,0x0,0x0,0x0,0,0,0,0,0,0,0,31,0x88af2d8,0x880ba10,0x880be61,0x880c271,0x880c479,0x880c4ba,0x880c4fb,0x0
ShamanF2,0x2e1,0x32c,ShamanF2,0x30,ShamanFSprite,1,0x80,0x1b,15,2,1,1,1,5,3,5,60,20,20,20,20,20,20,2,50,15,32,30,10,40,20,0,0,0,0,0,0,0x0,0x0,0x0,0x0,0,0,0,0,0,0,0,31,0x88af2ec,0x880ba10,0x880be61,0x880c271,0x880c479,0x880c4ba,0x880c4fb,0x0
MonkM2,0x2e4,0x32f,MonkM2,0x0,MonkSprite,0,0x80,0x17,18,0,1,2,1,5,6,5,60,20,20,20,20,20,20,2,50,5,35,32,8,40,45,0,0,0,0,0,0,0x0,0x0,0x0,0x0,0,0,0,0,Crank,0,1,0,MonkMAnim|IsPointer,0x880ba10,0x880be61,0x880c271,0x880c479,0x880c4ba,0x880c4fb,0x0
MonkF2,0x2e4,0x32f,MonkF2,0x0,MonkFSprite,0,0x80,0x0,17,0,2,2,1,6,5,5,60,20,20,20,20,20,20,2,45,5,40,35,5,45,40,0,0,0,0,0,0,0x0,0x0,0x0,0x0,0,0,0,0,Crank,0,Crank,0,MonkFAnim|IsPointer,0x880ba10,0x880be61,0x880c271,0x880c479,0x880c4ba,0x880c4fb,0x0
CavalierM2,0x2c1,0x30d,CavalierM2,0x7,CavalierSprite,0,0x80,0x20,20,5,2,5,6,0,9,7,60,20,20,20,20,20,25,2,75,35,40,28,15,15,30,0,0,0,0,0,0,0x3,HorseIcon,0x0,0x0,1,31,0,0,0,0,0,0,0x88af008,0x880ba92,0x880bee3,0x880c2f3,0x880c479,0x880c4ba,0x880c4fb,0x0
CavalierF2,0x2c1,0x30d,CavalierF2,0x8,CavalierFSprite,0,0x80,0x20,18,5,3,3,6,0,9,7,60,20,20,20,20,20,25,2,75,35,40,28,15,15,30,0,0,0,0,0,0,0x3,HorseIcon,0x0,0x0,1,31,0,0,0,0,0,0,0x88af018,0x880ba92,0x880bee3,0x880c2f3,0x880c479,0x880c4ba,0x880c4fb,0x0
Knight2,0x2c3,0x30f,Knight2,0xb,KnightSprite,1,0x80,0xc,17,5,2,0,7,0,13,5,60,20,20,20,20,20,20,2,80,40,30,15,28,20,25,0,0,0,0,0,0,0x0,0x0,0x0,0x0,0,Crank,Drank,0,0,0,0,0,KnightAnim|IsPointer,0x880b88a,0x880bcdb,0x880c0eb,0x880c479,0x880c4ba,0x880c4fb,0x0
SoldierM2,0x2ed,0x339,SoldierM2,0x0,SoldierSprite,0,0x80,0x0,20,3,0,1,0,0,10,5,60,20,20,20,20,20,20,2,80,50,30,20,12,15,25,0,0,0,0,0,0,0x0,0x0,0x0,0x0,0,1,0,0,0,0,0,0,0x88af53c,0x880b849,0x880bc9a,0x880c0aa,0x880c479,0x880c4ba,0x880c4fb,0x0
WyvernRider2,0x2ce,0x31a,WyvernRider2,0x21,WyvernRiderSprite,0,0x80,0xd,20,7,3,5,8,0,10,7,60,20,20,20,20,20,25,2,80,45,35,30,25,15,25,0,0,0,0,0,0,0x3,DragonIcon,0x0,0x0,0,31,0,0,0,0,0,0,0x88af1d0,0x880bb96,0x880bfe7,0x880c3f7,0x880c53c,0x880c57d,0x880c5be,0x0
ArcherM2,0x2cb,0x317,ArcherM2,0x1b,ArcherSprite,0,0x80,0xa,18,4,3,3,3,0,7,5,60,20,20,20,20,20,20,2,70,35,40,32,15,15,35,0,0,0,0,0,0,0x80,0x0,0x0,0x0,0,0,0,31,0,0,0,0,0x88af150,0x880b849,0x880bc9a,0x880c0aa,0x880c479,0x880c4ba,0x880c4fb,0x0
ArcherF2,0x2cb,0x317,ArcherF2,0x1c,ArcherFSprite,0,0x80,0xa,17,3,3,4,3,0,7,5,60,20,20,20,20,20,20,2,70,35,40,32,15,20,35,0,0,0,0,0,0,0x80,0x0,0x0,0x0,0,0,0,31,0,0,0,0,0x88af168,0x880b849,0x880bc9a,0x880c0aa,0x880c479,0x880c4ba,0x880c4fb,0x0
MercenaryM2,0x2c6,0x312,MercenaryM2,0x11,MercenarySprite,0,0x80,0x3,18,4,8,8,4,0,9,5,60,20,20,20,20,20,20,2,80,40,40,32,18,20,30,0,0,0,0,0,0,0x0,0x0,0x0,0x0,31,0,0,0,0,0,0,0,0x88af0b8,0x880b849,0x880bc9a,0x880c0aa,0x880c479,0x880c4ba,0x880c4fb,0x0
MercenaryF2,0x2c6,0x312,MercenaryF2,0x12,MercenaryFSprite,0,0x80,0x3,16,3,5,6,2,0,8,5,60,20,20,20,20,20,20,2,80,40,40,32,18,30,30,0,0,0,0,0,0,0x0,0x0,0x0,0x0,31,0,0,0,0,0,0,0,0x88af0c4,0x880b849,0x880bc9a,0x880c0aa,0x880c479,0x880c4ba,0x880c4fb,0x0
Fighter2,0x2dc,0x327,Fighter2,0x40,FighterSprite,0,0x80,0x23,20,5,2,4,2,0,11,5,60,20,20,20,20,20,20,2,85,55,35,30,15,15,15,0,0,0,0,0,0,0x0,0x0,0x0,0x0,0,0,31,0,0,0,0,0,0x88af434,0x880b8cb,0x880bd1c,0x880c12c,0x880c479,0x880c4ba,0x880c4fb,0x0
Brigand2,0x2de,0x329,Brigand2,0x43,BrigandSprite,0,0x80,0x0,20,5,1,5,3,0,12,5,60,20,20,20,20,20,20,2,82,50,30,20,10,13,15,0,0,0,0,0,0,0x0,0x0,0x0,0x0,0,0,31,0,0,0,0,0,0x88af468,0x880b94d,0x880bd9e,0x880c1ae,0x880c479,0x880c4ba,0x880c4fb,0x0
Pirate2,0x2ee,0x33a,Pirate2,0x43,PirateSprite,0,0x80,0x24,19,4,2,6,3,0,10,5,60,20,20,20,20,20,20,2,75,50,35,25,10,13,15,0,0,0,0,0,0,0x0,0x0,0x0,0x0,0,0,31,0,0,0,0,0,0x88af480,0x880b98e,0x880bddf,0x880c1ef,0x880c479,0x880c4ba,0x880c4fb,0x0
MyrmidonM2,0x2c8,0x314,MyrmidonM2,0x15,MyrmidonSprite,0,0x80,0x5,16,4,8,8,2,0,8,5,60,20,20,20,20,20,20,2,70,35,40,40,15,20,30,0,0,0,0,0,0,0x0,0x0,0x2,0x0,31,0,0,0,0,0,0,0,0x88af108,0x880b849,0x880bc9a,0x880c0aa,0x880c479,0x880c4ba,0x880c4fb,0x0
MyrmidonF2,0x2c8,0x314,MyrmidonF2,0x16,MyrmidonFSprite,0,0x80,0x5,15,3,9,8,1,1,5,5,60,20,20,20,20,20,20,2,70,35,40,40,15,20,30,0,0,0,0,0,0,0x0,0x0,0x2,0x0,31,0,0,0,0,0,0,0,0x88af114,0x880b849,0x880bc9a,0x880c0aa,0x880c479,0x880c4ba,0x880c4fb,0x0
PegasusKnight2,0x2e7,0x333,PegasusKnight2,0x49,PegasusKnightSprite,0,0x80,0x10,14,4,5,5,3,2,5,7,60,20,20,20,20,20,25,2,65,35,40,40,12,35,35,0,0,0,0,0,0,0x3,PegIcon,0x0,0x0,0,31,0,0,0,0,0,0,0x88af4dc,0x880bb96,0x880bfe7,0x880c3f7,0x880c53c,0x880c57d,0x880c5be,0x0
Halberdier,HalberdierNameText,HalberdierDescText,Halberdier,0x0,HalberdierSprite,0,HalberdierCard,0x0,24,6,5,7,4,5,9,6,60,25,28,28,25,27,25,3,80,30,40,40,20,25,30,2,3,2,3,1,3,CritBoost,IsPromoted,0x0,0x0,0,Crank,0,0,0,0,0,0,HalberdierAnim|IsPointer,0x880b849,0x880bc9a,0x880c0aa,0x880c479,0x880c4ba,0x880c4fb,0x0
Sentinel,SentinelNameText,SentinelDescText,Sentinel,0x0,SentinelSprite,1,SentinelCard,0x0,26,8,6,5,10,4,12,6,60,27,28,26,27,25,25,3,75,45,35,30,25,15,35,4,2,1,0,3,2,0x0,IsPromoted,0x0,0x0,Crank,Crank,Crank,0,0,0,0,0,SentinelAnim|IsPointer,0x880b849,0x880bc9a,0x880c0aa,0x880c479,0x880c4ba,0x880c4fb,0x0
JacketHero,0x2c7,0x313,JacketHero,0x0,JacketHeroSprite,0,0x80,0x0,22,6,9,10,8,2,11,6,60,25,30,26,25,22,25,3,75,30,30,20,20,20,25,4,1,2,2,2,2,0x0,IsPromoted,0x0,0x0,Arank,0,Brank,0,0,0,0,0,JacketHeroAnim|IsPointer,0x880b808,0x880bc59,0x880c069,0x880c479,0x880c4ba,0x880c4fb,0x0
Basileus,BasileusNameText,BasileusDescText,Basileus,0x0,BaseliusSprite,0,0x80,0x0,24,7,6,7,6,0,13,6,60,30,29,28,23,21,25,3,75,50,35,25,10,13,15,4,1,1,1,2,2,0x0,IsPromoted,0x0,0x0,0,0,Brank,0,0,0,0,0,BasileusAnim|IsPointer,0x880b90c,0x880bd5d,0x880c16d,0x880c479,0x880c4ba,0x880c4fb,0x0
HectorClass,GuardianNameText,GuardianClassDescText,HectorClass,0x0,HectorSprite,1,0x80,0x0,21,10,4,5,12,2,15,6,60,30,25,25,30,25,25,3,75,45,30,30,50,20,30,4,1,1,1,2,2,0x0,IsPromoted,0x0,0x0,Arank,Brank,Brank,0,0,0,0,0,HectorAnim|IsPointer,0x880b88a,0x880bcdb,0x880c0eb,0x880c479,0x880c4ba,0x880c4fb,0x0
Trueerblade,LegendNameText,LegendDescText,Trueerblade,0x0,TruerbladeSprite,0,0x80,0x0,21,6,11,10,5,2,9,6,60,24,29,30,22,23,20,4,65,25,30,30,15,22,25,5,2,0,0,2,1,0x40,0x1,0x2,0x0,Srank,0,0,0,0,0,0,0,TruerbladeAnim|IsPointer,0x880b808,0x880bc59,0x880c069,0x880c479,0x880c4ba,0x880c4fb,0x0
GaidenSage,GaidenSageNameText,GaidenSageDescText,GaidenSage,0x0,GaidenSageSprite,0,0x80,0x0,20,8,7,6,5,8,7,6,60,28,30,26,21,25,20,3,45,45,40,30,10,40,30,4,1,0,0,3,3,0x0,IsPromoted,0x0,0x0,0,0,0,0,Brank,Arank,Crank,0,GaidenSageAnim|IsPointer,0x880ba10,0x880be61,0x880c271,0x880c479,0x880c4ba,0x880c4fb,0x0
IzukClass,0x2d2,0x31e,IzukClass,0x0,IzukSprite,0,0x80,0x0,20,5,4,4,5,5,7,6,60,28,30,26,21,25,20,3,45,45,30,25,10,40,15,4,1,0,0,3,3,0x0,IsPromoted,0x0,0x0,0,0,0,0,0,Arank,0,Crank,IzukAnim|IsPointer,0x880ba10,0x880be61,0x880c271,0x880c479,0x880c4ba,0x880c4fb,0x0
BattleSageF,BattleSageNameText,BattleSageDescText,BattleSageF,0x0,BattleSageFSprite,0,BattleSageFCard,0x0,27,9,10,9,7,7,9,6,60,29,27,27,25,24,25,3,75,30,35,35,25,25,25,3,1,3,2,0,3,0x0,IsPromoted,0x0,0x0,Crank,0,0,0,0,Drank,0,0,BattleSageFAnim|IsPointer,0x880ba10,0x880be61,0x880c271,0x880c479,0x880c4ba,0x880c4fb,0x0
NarratorClass,NarratorNameText,NarratorDescText,NarratorClass,0x0,HarbingerSprite,0,0x80,0x0,40,15,20,19,12,14,11,6,80,30,30,30,25,25,20,4,85,30,40,35,15,20,40,0,0,0,0,0,0,0x0,IsPromoted,0x2,0x0,Srank,0,Srank,0,0,Arank,0,Arank,HarbingerAnim|IsPointer,0x880b808,0x880bc59,0x880c069,0x880c479,0x880c4ba,0x880c4fb,0x0
Warlock,WarlockNameText,WarlockDescText,Warlock,0x0,WarlockSprite,0,0x80,0x0,28,8,5,6,5,0,13,6,60,30,28,26,26,22,25,3,80,45,25,20,16,17,15,3,1,2,0,3,3,0x0,IsPromoted,0x0,0x0,0,0,Arank,0,Drank,0,0,0,WarlockAnim|IsPointer,0x880b8cb,0x880bd1c,0x880c12c,0x880c479,0x880c4ba,0x880c4fb,0x0
SpearHero,AssailantNameText,SpearHeroDescText,SpearHero,0x0,SpearHeroSprite,0,0x80,0x0,22,6,9,10,8,2,11,6,60,25,30,26,25,22,25,3,75,30,30,20,20,20,25,4,1,2,2,2,2,0x0,0x1,0x0,0x0,Arank,Srank,Arank,0,0,0,0,0,SpearHeroAnim|IsPointer,0x880b808,0x880bc59,0x880c069,0x880c479,0x880c4ba,0x880c4fb,0x0
XeximClass,ShadowNameText,XeximClassDescText,XeximClass,0xd,XeximSprite,0,0x80,0x0,16,3,1,9,2,0,8,6,60,20,30,30,20,20,20,3,50,5,45,40,5,20,40,3,1,0,0,2,2,0x8,0x1,0x2,0x2,Arank,0,0,Brank,0,0,0,0,XeximAnim|IsPointer,0x880b9cf,0x880be20,0x880c230,0x880c479,0x880c4ba,0x880c4fb,0x0
GrandPaladin,CommanderNameText,CommanderDescText,GrandPaladin,0x5,GrandPaladinSprite,0,0x81,0x0,23,7,4,7,8,3,11,8,60,25,26,24,25,25,25,3,70,25,30,18,12,20,25,2,1,1,1,2,1,0x3,0x5,0x0,0x0,Brank,Arank,Brank,0,0,0,0,0,GrandPaladinAnim|IsPointer,0x880bad3,0x880bf24,0x880c334,0x880c479,0x880c4ba,0x880c4fb,0x0
HolySage,0x2d2,0x31e,HolySage,0x26,HolySageSprite,0,0x7d,0x13,19,3,6,5,3,6,4,6,60,22,28,26,21,25,20,3,45,15,30,25,10,40,15,3,1,1,0,3,3,0x0,0x1,0x0,0x0,0,0,0,0,Arank,0,Srank,Arank,HolySageAnim|IsPointer,0x880ba10,0x880be61,0x880c271,0x880c479,0x880c4ba,0x880c4fb,0x0
WilSniper,0x2cc,0x318,WilSniper,0x19,WilSniperSprite,0,0x79,0xb,21,7,6,5,5,2,8,6,60,25,30,28,25,23,20,3,65,30,30,20,15,20,30,3,2,3,2,2,2,0x80,0x1,0x0,0x0,0,0,0,71,0,0,0,0,WilSniperAnim|IsPointer,0x880b808,0x880bc59,0x880c069,0x880c479,0x880c4ba,0x880c4fb,0x0
BattleSageM,BattleSageNameText,BattleSageDescText,BattleSageM,0x25,BattleSageSprite,0,BattleSageMCard,0x13,27,7,7,6,7,5,9,6,60,28,27,27,25,25,20,3,65,30,25,20,15,20,15,4,2,0,0,3,3,0x0,0x1,0x0,0x0,Crank,0,0,0,0,Drank,0,0,BattleSageAnim|IsPointer,0x880ba10,0x880be61,0x880c271,0x880c479,0x880c4ba,0x880c4fb,0x0
LostSoulM,LostSoulNameText,LostSoulDescText,LostSoulM,0x0,LostSoulSprite,0,0x80,0x0,8,1,0,0,0,0,4,5,60,20,20,20,20,20,20,1,10,0,0,0,0,10,0,0,0,0,0,0,0,0x0,0x0,0x0,0x0,0,0,0,0,0,0,0,0,0x0,0x880ba51,0x880bea2,0x880c2b2,0x880c479,0x880c4ba,0x880c4fb,0x0
LostSoulF,LostSoulNameText,LostSoulDescText,LostSoulF,0x0,LostSoulFSprite,0,0x80,0x0,7,0,0,0,0,1,3,5,60,20,20,20,20,20,20,1,10,0,0,0,0,10,0,0,0,0,0,0,0,0x0,0x0,0x0,0x0,0,0,0,0,0,0,0,0,0x0,0x880ba51,0x880bea2,0x880c2b2,0x880c479,0x880c4ba,0x880c4fb,0x0
ArmoredWyvernLord,0x2cf,ArmoredWyvernLordDescText,ArmoredWyvernLord,0x0,ArmoredWyvernLordSprite,0,0x80,0x0,25,9,5,7,10,1,11,8,60,27,25,23,28,22,25,3,75,40,30,20,20,17,20,4,2,2,0,2,0,0x3,0x9,0x40,0x0,Brank,Arank,Brank,Brank,0,0,0,0,ArmoredWyvernLordAnim|IsPointer,0x880bb96,0x880bfe7,0x880c3f7,0x880c53c,0x880c57d,0x880c5be,0x0
EdgySwordmaster,OperativeNameText,OperativeDescText,EdgySwordmaster,0x13,EdgySwordmasterSprite,0,0x73,0x6,21,6,11,10,5,2,9,6,60,24,29,30,22,23,20,3,65,25,30,30,15,22,25,5,2,0,0,2,1,0x40,0x1,0x2,0x0,71,0,0,0,0,0,0,0,EdgySwordmasterAnim|IsPointer,0x880b808,0x880bc59,0x880c069,0x880c479,0x880c4ba,0x880c4fb,0x0
EmperorClass,EmperorNameText,EmperorDescText,EmperorClass,0xf,EmperorSprite,0,0x91,0x4,22,6,9,10,8,2,11,6,60,25,30,26,25,22,25,3,75,30,30,20,20,20,25,4,1,2,2,2,2,0x0,IsPromoted,0x0,0x0,Arank,0,0,0,0,0,0,0,EmperorAnim|IsPointer,0x880b808,0x880bc59,0x880c069,0x880c479,0x880c4ba,0x880c4fb,0x0
MurielSage,0x2d2,0x31e,MurielSage,0x26,MurielSprite,0,0x7d,0x13,19,0,6,5,3,6,4,6,60,20,28,26,21,25,20,3,45,5,30,25,10,40,15,3,0,1,0,3,3,0x0,0x1,0x0,0x0,0,0,0,0,0,Drank,0,0,MurielSageAnim|IsPointer,0x880ba10,0x880be61,0x880c271,0x880c479,0x880c4ba,0x880c4fb,0x0
ImpalerF,ImpalerNameText,ImpalerDescText,ImpalerF,0x9,ImpalerFSprite,0,0x9f,0x0,18,6,5,6,4,4,12,6,60,25,30,30,25,25,25,3,70,20,30,30,13,28,25,3,2,3,3,2,2,0x0,IsPromoted,0x0,0x0,0,Arank,0,0,0,0,0,0,ImpalerFAnim|IsPointer,0x880b849,0x880bc9a,0x880c0aa,0x880c479,0x880c4ba,0x880c4fb,0x0
SoldierF2,0x2ed,0x339,SoldierF2,0x0,SoldierSprite,0,0x80,0x0,20,3,0,1,0,0,10,5,60,20,20,20,20,20,20,2,80,50,30,20,12,15,25,0,0,0,0,0,0,0x0,0x0,0x0,0x0,0,1,0,0,0,0,0,0,0x88af53c,0x880b849,0x880bc9a,0x880c0aa,0x880c479,0x880c4ba,0x880c4fb,0x0
BowKnight,BowKnightNameText,BowKnightDescText,BowKnight,0x5b,BowKnightSprite,0,0xa1,0x0,21,6,6,7,5,8,8,7,60,23,28,30,22,26,25,3,60,25,30,35,15,25,25,4,3,1,1,2,4,MountedAid|HasCanto,IsPromoted|HorseIcon,0x0,0x0,Crank,Crank,0,Arank,0,0,0,0,BowKnightAnim|IsPointer,0x880bb55,0x880bfa6,0x880c3b6,0x880c479,0x880c4ba,0x880c4fb,0x0
HighPriest,HighPriestNameText,HighPriestDescText,HighPriest,0x00,HighPriestSprite,0,0x80,0x0,33,4,20,14,10,14,12,6,60,23,26,26,24,30,25,3,70,20,35,25,25,25,40,4,1,3,2,1,3,0x3,IsPromoted,0x0,0x0,0,0,0,0,Srank,Arank,0,0,PatriarchAnim|IsPointer,0x880ba10,0x880be61,0x880c271,0x880c479,0x880c4ba,0x880c4fb,0x0
DreadFighterM,DreadFighterNameText,DreadFighterDescText,DreadFighterM,0x0,DreadFighterSprite,0,DreadFighterMCard,0x0,20,6,7,8,5,8,9,6,60,24,27,27,22,26,20,3,75,25,25,25,20,20,25,4,3,1,2,1,2,0x0,IsPromoted,0x0,0x0,Crank,0,0,0,0,0,0,Drank,DreadFighterMAnim|IsPointer,0x880b808,0x880bc59,0x880c069,0x880c479,0x880c4ba,0x880c4fb,0x0
DreadFighterF,DreadFighterNameText,DreadFighterDescText,DreadFighterF,0x0,DreadFighterFSprite,0,DreadFighterFCard,0x0,20,6,7,8,5,7,9,6,60,24,27,27,22,26,20,3,75,25,25,25,20,20,25,4,3,1,2,1,2,0x0,IsPromoted,0x0,0x0,Crank,0,0,0,0,0,0,Drank,DreadFighterFAnim|IsPointer,0x880b808,0x880bc59,0x880c069,0x880c479,0x880c4ba,0x880c4fb,0x0
MaligKnight,MaligKnightNameText,MaligKnightDescText,MaligKnight,0x0,MaligKnightSprite,0,MaligKnightCard,0x0,28,11,5,7,13,3,12,8,60,29,25,23,28,22,25,3,80,45,25,20,25,15,20,4,2,2,0,2,1,MountedAid|HasCanto,IsPromoted|DragonIcon,0x0,0x0,0,0,Arank,0,0,0,0,Brank,MaligKnightAnim|IsPointer,0x880bb96,0x880bfe7,0x880c3f7,0x880c53c,0x880c57d,0x880c5be,0x0
Strategist,StrategistNameText,StrategistDescText,Strategist,0x0,StrategistSprite,0,0x80,0x0,20,5,6,4,5,5,7,6,60,28,30,26,21,25,20,3,45,40,30,25,10,40,15,4,2,0,0,3,3,0x0,IsPromoted,0x0,0x0,Brank,0,0,0,0,Arank,0,0,StrategistAnim|IsPointer,0x880ba10,0x880be61,0x880c271,0x880c479,0x880c4ba,0x880c4fb,0x0
SpellswordM,SpellswordNameText,SpellswordDescText,SpellswordM,0x0,SpellswordSprite,0,0x72,0x0,15,3,7,7,1,4,7,5,60,20,20,20,20,20,20,2,75,35,35,35,15,20,30,0,0,0,0,0,0,0x0,0x0,0x0,0x0,Drank,0,0,0,0,Erank,0,Erank,SpellswordMAnim|IsPointer,0x880b849,0x880bc9a,0x880c0aa,0x880c479,0x880c4ba,0x880c4fb,0x0
SpellswordF,SpellswordNameText,SpellswordDescText,SpellswordF,0x0,SpellswordFSprite,0,0x72,0x0,15,3,7,7,1,4,7,5,60,20,20,20,20,20,20,2,75,35,35,35,15,20,30,0,0,0,0,0,0,0x0,0x0,0x0,0x0,Drank,0,0,0,0,Erank,0,Erank,SpellswordFAnim|IsPointer,0x880b849,0x880bc9a,0x880c0aa,0x880c479,0x880c4ba,0x880c4fb,0x0
ChampionF,ChampionNameText,ChampionDescText,ChampionF,0x0,ChampionFSprite,0,0x00,0x0,22,6,9,10,8,2,11,6,60,25,30,26,25,22,25,3,75,30,30,20,20,20,25,2,2,1,2,2,2,0x0,IsPromoted,0x0,0x0,Arank,0,Crank,0,0,0,0,0,ChampionFAnim|IsPointer,0x880b808,0x880bc59,0x880c069,0x880c479,0x880c4ba,0x880c4fb,0x0
,,,,,,,,,,,,,,,,,,,,,,,,,,,,,,,,,,,,,,,,,,,,,,,,,,,,,,,,,
0x01 Wall,0x2bf,0x309,0x1,0x3,0x0,0,0x8b,0x1,18,6,6,7,6,0,8,5,60,20,20,20,20,20,20,3,90,45,40,45,15,15,40,0,0,0,0,0,0,0x0,0x0,0x0,0x20,0,31,0,0,0,0,0,0,0x88aefd8,0x880b808,0x880bc59,0x880c069,0x880c479,0x880c4ba,0x880c4fb,0x0
